-- tc3-sqlite3-sample-data.sql
-- Copyright © 2019-2020 Joel A. Mussman. All rights reserved.
--
-- Sample data.
--

-- Customers

insert into customers (customer_id, email, password, first_name, last_name) values (1, 'kskeech0@google.ru', 'mDRBIPvR6I9h', 'Kettie', 'Skeech');
insert into customers (customer_id, email, password, first_name, last_name) values (2, 'fspinige1@utexas.edu', 'UJvNRf', 'Ferdinand', 'Spinige');
insert into customers (customer_id, email, password, first_name, last_name) values (3, 'rbussey2@blogs.com', 'Nho8Jz14LKO5', 'Reginauld', 'Bussey');
insert into customers (customer_id, email, password, first_name, last_name) values (4, 'idowthwaite3@un.org', 'aUHo1ZP', 'Ingaborg', 'Dowthwaite');
insert into customers (customer_id, email, password, first_name, last_name) values (5, 'ddrane4@live.com', 'cScdV08F4m4', 'Donella', 'Drane');
insert into customers (customer_id, email, password, first_name, last_name) values (6, 'jgilfether5@csmonitor.com', 'MlbGBwRyp', 'Judi', 'Gilfether');
insert into customers (customer_id, email, password, first_name, last_name) values (7, 'fimmings6@cisco.com', 'Brt8Su6', 'Fredericka', 'Immings');
insert into customers (customer_id, email, password, first_name, last_name) values (8, 'galmeida7@hc360.com', 'Ptf4AnL', 'Gav', 'Almeida');
insert into customers (customer_id, email, password, first_name, last_name) values (9, 'acurry8@addthis.com', 'JaRoQJq', 'Addison', 'Curry');
insert into customers (customer_id, email, password, first_name, last_name) values (10, 'danderton9@intel.com', 'AkOMf8Q7tB', 'Dacy', 'Anderton');
insert into customers (customer_id, email, password, first_name, last_name) values (11, 'akithera@cnn.com', 'WxWa6JOrP6', 'Adriano', 'Kither');
insert into customers (customer_id, email, password, first_name, last_name) values (12, 'mtaplowb@imageshack.us', 'mIh96khE', 'Maxine', 'Taplow');
insert into customers (customer_id, email, password, first_name, last_name) values (13, 'fhanselmannc@state.gov', 'VQdVTBeat0', 'Francis', 'Hanselmann');
insert into customers (customer_id, email, password, first_name, last_name) values (14, 'sprudhamd@blog.com', 'RPuXyp', 'Sib', 'Prudham');
insert into customers (customer_id, email, password, first_name, last_name) values (15, 'ebattersone@vk.com', 'Q37lp69nJos', 'Elle', 'Batterson');
insert into customers (customer_id, email, password, first_name, last_name) values (16, 'hrodwellf@addthis.com', 'tgnUwe', 'Hobey', 'Rodwell');
insert into customers (customer_id, email, password, first_name, last_name) values (17, 'dcassellg@biblegateway.com', 'eWUDKtiQZjTl', 'Dalila', 'Cassell');
insert into customers (customer_id, email, password, first_name, last_name) values (18, 'crahlofh@opensource.org', '7SoQyqB', 'Conrado', 'Rahlof');
insert into customers (customer_id, email, password, first_name, last_name) values (19, 'psenchenkoi@sbwire.com', 'Je4Cku', 'Payton', 'Senchenko');
insert into customers (customer_id, email, password, first_name, last_name) values (20, 'rmacgilrewyj@xinhuanet.com', 'bPWv021My', 'Roscoe', 'MacGilrewy');
insert into customers (customer_id, email, password, first_name, last_name) values (21, 'tcodlingk@telegraph.co.uk', 'vZ2Ov0u', 'Torin', 'Codling');
insert into customers (customer_id, email, password, first_name, last_name) values (22, 'bremirezl@biglobe.ne.jp', 'D9hAWrvW6XH', 'Barbara-anne', 'Remirez');
insert into customers (customer_id, email, password, first_name, last_name) values (23, 'ndewberrym@blogger.com', '8Imx4B53zHX', 'Noelyn', 'Dewberry');
insert into customers (customer_id, email, password, first_name, last_name) values (24, 'cslatenn@oakley.com', 'k5GPlz', 'Caye', 'Slaten');
insert into customers (customer_id, email, password, first_name, last_name) values (25, 'idingsdaleo@g.co', 'wZzWUHNYGg', 'Ilka', 'Dingsdale');
insert into customers (customer_id, email, password, first_name, last_name) values (26, 'fhowseleep@reuters.com', 'bytE5WKqmVpv', 'Franz', 'Howselee');
insert into customers (customer_id, email, password, first_name, last_name) values (27, 'cpiddockeq@ocn.ne.jp', 'W3I5Xo', 'Carolee', 'Piddocke');
insert into customers (customer_id, email, password, first_name, last_name) values (28, 'edomaschker@theglobeandmail.com', 'iaBBoiVF', 'Erna', 'Domaschke');
insert into customers (customer_id, email, password, first_name, last_name) values (29, 'merts@go.com', 'W2ywdZeV', 'Micheil', 'Ert');
insert into customers (customer_id, email, password, first_name, last_name) values (30, 'kcamacket@usgs.gov', 'Zs3AVDM', 'Kally', 'Camacke');
insert into customers (customer_id, email, password, first_name, last_name) values (31, 'djeanessonu@sphinn.com', 'CYMLXU3', 'Dwayne', 'Jeanesson');
insert into customers (customer_id, email, password, first_name, last_name) values (32, 'jgoulbournv@youtu.be', 'K976KgtC', 'Jaime', 'Goulbourn');
insert into customers (customer_id, email, password, first_name, last_name) values (33, 'ptrencherw@biglobe.ne.jp', 'o6tr6o', 'Perice', 'Trencher');
insert into customers (customer_id, email, password, first_name, last_name) values (34, 'dglazebrookx@t-online.de', 'x9Gxq3zyl', 'Darlleen', 'Glazebrook');
insert into customers (customer_id, email, password, first_name, last_name) values (35, 'pabryy@auda.org.au', 'bv1xc5squk', 'Phillipp', 'Abry');
insert into customers (customer_id, email, password, first_name, last_name) values (36, 'iduffyz@bbc.co.uk', 'bocvY4rRqJUF', 'Irwinn', 'Duffy');
insert into customers (customer_id, email, password, first_name, last_name) values (37, 'cwillcox10@bravesites.com', 'crX3EOMHSe', 'Corena', 'Willcox');
insert into customers (customer_id, email, password, first_name, last_name) values (38, 'lpeepall11@seattletimes.com', 'eAO1Gn5ov7', 'Laurie', 'Peepall');
insert into customers (customer_id, email, password, first_name, last_name) values (39, 'eliverseege12@biblegateway.com', 'o0vzNCyrr3', 'Emlynne', 'Liverseege');
insert into customers (customer_id, email, password, first_name, last_name) values (40, 'swelds13@mozilla.com', 'vNJfqkN75Ie', 'Sisile', 'Welds');
insert into customers (customer_id, email, password, first_name, last_name) values (41, 'mmcghee14@photobucket.com', 'TcYleXuDVKM0', 'Melesa', 'McGhee');
insert into customers (customer_id, email, password, first_name, last_name) values (42, 'tvarcoe15@dyndns.org', '9ag7IC2irExm', 'Tracey', 'Varcoe');
insert into customers (customer_id, email, password, first_name, last_name) values (43, 'fdarrigo16@4shared.com', 'TYeWimozD', 'Freddie', 'D''Arrigo');
insert into customers (customer_id, email, password, first_name, last_name) values (44, 'rdrohun17@sphinn.com', 'pLCTmNUa', 'Richie', 'Drohun');
insert into customers (customer_id, email, password, first_name, last_name) values (45, 'dshyres18@canalblog.com', 'dbiYxvi', 'Dorette', 'Shyres');
insert into customers (customer_id, email, password, first_name, last_name) values (46, 'hrappaport19@time.com', 'vUb1jpDHyxw', 'Henrik', 'Rappaport');
insert into customers (customer_id, email, password, first_name, last_name) values (47, 'jfancutt1a@yellowpages.com', 'Srm2s37bMxFt', 'Jaymie', 'Fancutt');
insert into customers (customer_id, email, password, first_name, last_name) values (48, 'avecard1b@toplist.cz', '0ShP02zLn', 'Ania', 'Vecard');
insert into customers (customer_id, email, password, first_name, last_name) values (49, 'wrue1c@liveinternet.ru', '1p8u0a', 'Willabella', 'Rue');
insert into customers (customer_id, email, password, first_name, last_name) values (50, 'dgwynn1d@independent.co.uk', 'oIFSYQDDw', 'Dorette', 'Gwynn');
insert into customers (customer_id, email, password, first_name, last_name) values (51, 'adomican1e@economist.com', '6KZFXgg63', 'Alphonse', 'Domican');
insert into customers (customer_id, email, password, first_name, last_name) values (52, 'akemmey1f@dagondesign.com', 'ANrufwP', 'Anya', 'Kemmey');
insert into customers (customer_id, email, password, first_name, last_name) values (53, 'ecolvill1g@epa.gov', '5IE1i5SyKeVy', 'Erinn', 'Colvill');
insert into customers (customer_id, email, password, first_name, last_name) values (54, 'mlendrem1h@eepurl.com', 'czRIfo5', 'Mick', 'Lendrem');
insert into customers (customer_id, email, password, first_name, last_name) values (55, 'gschellig1i@jiathis.com', '1ZTLBNaZ', 'Giustino', 'Schellig');
insert into customers (customer_id, email, password, first_name, last_name) values (56, 'oplews1j@census.gov', 'i9uYxJTm', 'Olga', 'Plews');
insert into customers (customer_id, email, password, first_name, last_name) values (57, 'mmiddlemist1k@google.ca', 'B5ell66V16Cu', 'Manon', 'Middlemist');
insert into customers (customer_id, email, password, first_name, last_name) values (58, 'wmyles1l@discovery.com', '9gYsKp1MZcZa', 'Wally', 'Myles');
insert into customers (customer_id, email, password, first_name, last_name) values (59, 'kverbeke1m@google.pl', 'YglyOfSHZl', 'Kele', 'Verbeke');
insert into customers (customer_id, email, password, first_name, last_name) values (60, 'mburman1n@newyorker.com', 'bNBFoQQW82', 'Mallory', 'Burman');
insert into customers (customer_id, email, password, first_name, last_name) values (61, 'kseifenmacher1o@dot.gov', 'KPGcbLYF', 'Karin', 'Seifenmacher');
insert into customers (customer_id, email, password, first_name, last_name) values (62, 'hgherardelli1p@intel.com', 'i1bYSJRWX', 'Hedda', 'Gherardelli');
insert into customers (customer_id, email, password, first_name, last_name) values (63, 'mbrabin1q@umich.edu', 'vVafSg3', 'Mady', 'Brabin');
insert into customers (customer_id, email, password, first_name, last_name) values (64, 'vcritch1r@jigsy.com', 'inSJeWThOE', 'Vonnie', 'Critch');
insert into customers (customer_id, email, password, first_name, last_name) values (65, 'mbustin1s@forbes.com', 'x1bmfNS', 'Maureen', 'Bustin');
insert into customers (customer_id, email, password, first_name, last_name) values (66, 'yterrington1t@fotki.com', 'mWZVHaMu', 'Yorke', 'Terrington');
insert into customers (customer_id, email, password, first_name, last_name) values (67, 'gbroske1u@wikispaces.com', 'JalqsRjyE', 'Gwennie', 'Broske');
insert into customers (customer_id, email, password, first_name, last_name) values (68, 'aedyson1v@hc360.com', 'srI3st04h0K', 'Aluino', 'Edyson');
insert into customers (customer_id, email, password, first_name, last_name) values (69, 'cparnaby1w@unc.edu', 'k7BaxSScBsts', 'Chevalier', 'Parnaby');
insert into customers (customer_id, email, password, first_name, last_name) values (70, 'smccurtin1x@ezinearticles.com', 'PSHoQn', 'Shaughn', 'McCurtin');
insert into customers (customer_id, email, password, first_name, last_name) values (71, 'ngiercke1y@live.com', 'aKaDyxl7E', 'Nial', 'Giercke');
insert into customers (customer_id, email, password, first_name, last_name) values (72, 'sruoff1z@google.co.jp', 'hAb50UzbE', 'Sergent', 'Ruoff');
insert into customers (customer_id, email, password, first_name, last_name) values (73, 'tprout20@answers.com', 'SCMG9cAI', 'Tuesday', 'Prout');
insert into customers (customer_id, email, password, first_name, last_name) values (74, 'akix21@wired.com', 'CQFgnLAvJg6e', 'Amargo', 'Kix');
insert into customers (customer_id, email, password, first_name, last_name) values (75, 'hcroyser22@quantcast.com', 'dmR6NEnIg', 'Heda', 'Croyser');
insert into customers (customer_id, email, password, first_name, last_name) values (76, 'mpavolini23@yelp.com', '6KSYjo', 'Max', 'Pavolini');
insert into customers (customer_id, email, password, first_name, last_name) values (77, 'llenin24@issuu.com', 'yyCUYor', 'Libbey', 'Lenin');
insert into customers (customer_id, email, password, first_name, last_name) values (78, 'farrigo25@cbsnews.com', '8UgsAQA', 'Frazier', 'Arrigo');
insert into customers (customer_id, email, password, first_name, last_name) values (79, 'osheryne26@elegantthemes.com', 'XDis6HuX1Hvi', 'Ole', 'Sheryne');
insert into customers (customer_id, email, password, first_name, last_name) values (80, 'jclemonts27@smugmug.com', 'SI7LcNKuegl1', 'Jacobo', 'Clemonts');
insert into customers (customer_id, email, password, first_name, last_name) values (81, 'doxbury28@icio.us', '4FOe7m4n', 'Deedee', 'Oxbury');
insert into customers (customer_id, email, password, first_name, last_name) values (82, 'bwoolner29@nps.gov', 'eeonel2j', 'Bibby', 'Woolner');
insert into customers (customer_id, email, password, first_name, last_name) values (83, 'vrenak2a@ifeng.com', '0Rt0FP2Xel', 'Vally', 'Renak');
insert into customers (customer_id, email, password, first_name, last_name) values (84, 'cpenrith2b@umich.edu', 'eXFTfOs6', 'Collin', 'Penrith');
insert into customers (customer_id, email, password, first_name, last_name) values (85, 'fmcculloch2c@flickr.com', '7tMEnOlfis', 'Francklyn', 'McCulloch');
insert into customers (customer_id, email, password, first_name, last_name) values (86, 'cwellsman2d@opera.com', 'A12AYWQhqo4', 'Cathrine', 'Wellsman');
insert into customers (customer_id, email, password, first_name, last_name) values (87, 'emcnellis2e@icio.us', 'snmlPB5vgTuy', 'Elora', 'McNellis');
insert into customers (customer_id, email, password, first_name, last_name) values (88, 'jvinten2f@fastcompany.com', '45NpPYuhPJkC', 'Jermaine', 'Vinten');
insert into customers (customer_id, email, password, first_name, last_name) values (89, 'rstevani2g@gizmodo.com', '8AZuJSZO0g', 'Raquela', 'Stevani');
insert into customers (customer_id, email, password, first_name, last_name) values (90, 'alefebre2h@cbslocal.com', 'Ehf6mH2Y', 'Aviva', 'Le febre');
insert into customers (customer_id, email, password, first_name, last_name) values (91, 'igorvin2i@plala.or.jp', 'pXB7h9s', 'Isidro', 'Gorvin');
insert into customers (customer_id, email, password, first_name, last_name) values (92, 'rjacks2j@t.co', 'N2QLrEXTvhU7', 'Reggi', 'Jacks');
insert into customers (customer_id, email, password, first_name, last_name) values (93, 'mzienkiewicz2k@1688.com', 'tbkmiLx', 'Marshal', 'Zienkiewicz');
insert into customers (customer_id, email, password, first_name, last_name) values (94, 'mboram2l@cdbaby.com', 'EM9Wtoc8r', 'Marika', 'Boram');
insert into customers (customer_id, email, password, first_name, last_name) values (95, 'acass2m@yolasite.com', 'v3jDZVwSK', 'Austin', 'Cass');
insert into customers (customer_id, email, password, first_name, last_name) values (96, 'psponer2n@nymag.com', 'zub42G1EdZ', 'Pearce', 'Sponer');
insert into customers (customer_id, email, password, first_name, last_name) values (97, 'mpoultney2o@sitemeter.com', 'skp0uq', 'Meredith', 'Poultney');
insert into customers (customer_id, email, password, first_name, last_name) values (98, 'mminghetti2p@flavors.me', 'xQPwLazKPS', 'Mitch', 'Minghetti');
insert into customers (customer_id, email, password, first_name, last_name) values (99, 'nmoreno2q@bbb.org', '3qjb7L', 'Norbie', 'Moreno');
insert into customers (customer_id, email, password, first_name, last_name) values (100, 'lmathivon2r@fotki.com', 'wA4Yxhs98C', 'Lillis', 'Mathivon');

-- Employee Types
--    Employee types and how they are managed are defined by the government. The types
--    in the database are fixed against the application code. The different types map to
--    the logic which manages each of them. These types should be added manually if
--    new types are supported by the application. These are inserted by the schema script.

-- insert into employee_types (employee_type_id, description) values (1, 'Salary');
-- insert into employee_types (employee_type_id, description) values (2, 'Hourly');

-- Employees

insert into employees (employee_id, employee_type_id, password, first_name, last_name, pay_rate, login, hire_date) values ('85-6137740', 1, 'ogqLwTSs9N', 'Chiquia', 'Boaler', 43015.89, 'cboaler', '2015-01-14');
insert into employees (employee_id, employee_type_id, password, first_name, last_name, pay_rate, login, hire_date) values ('71-9349290', 1, 'ug74su', 'Sibylle', 'Magne', 38286.62, 'smagne', '2016-09-17');
insert into employees (employee_id, employee_type_id, password, first_name, last_name, pay_rate, login, hire_date) values ('78-4522322', 2, 'H8D350b5Pdh', 'Linus', 'Bootes', 11.05, 'lbootes', '2018-09-23');
insert into employees (employee_id, employee_type_id, password, first_name, last_name, pay_rate, login, hire_date) values ('81-3240279', 1, 'Yyozxt4', 'Avis', 'Pettyfer', 36633.96, 'apettyfer', '2015-12-02');
insert into employees (employee_id, employee_type_id, password, first_name, last_name, pay_rate, login, hire_date) values ('60-3659072', 2, 't4zXhpOw', 'Shawn', 'Drees', 12.01, 'sdrees', '2018-09-03');
insert into employees (employee_id, employee_type_id, password, first_name, last_name, pay_rate, login, hire_date) values ('63-8533260', 2, 'Zw69Rso', 'Harley', 'Nichol', 13.07, 'hnichol', '2016-11-26');
insert into employees (employee_id, employee_type_id, password, first_name, last_name, pay_rate, login, hire_date) values ('01-5431748', 1, 'D9MqFti', 'Andrea', 'Corradetti', 39549.63, 'acorradetti', '2014-11-19');
insert into employees (employee_id, employee_type_id, password, first_name, last_name, pay_rate, login, hire_date) values ('90-5310860', 1, 'Fckkia', 'Baillie', 'Petican', 44269.44, 'bpetican', '2018-02-13');
insert into employees (employee_id, employee_type_id, password, first_name, last_name, pay_rate, login, hire_date) values ('61-5024419', 1, 'VQyYVvpt', 'Paulette', 'Franciottoi', 35431.34, 'pfranciottoi', '2016-09-17');
insert into employees (employee_id, employee_type_id, password, first_name, last_name, pay_rate, login, hire_date) values ('51-1136014', 2, 'F8dwbzBsTK1X', 'Linnie', 'Bogays', 14.71, 'lbogays', '2016-06-25');
insert into employees (employee_id, employee_type_id, password, first_name, last_name, pay_rate, login, hire_date) values ('96-9074035', 1, 'KRJhyCQhB', 'Rachael', 'Sheahan', 47559.83, 'rsheahan', '2018-03-06');
insert into employees (employee_id, employee_type_id, password, first_name, last_name, pay_rate, login, hire_date) values ('66-3189853', 2, 'YJYKiZcx4hk', 'Davita', 'Gronw', 13.08, 'dgronw', '2017-07-09');
insert into employees (employee_id, employee_type_id, password, first_name, last_name, pay_rate, login, hire_date) values ('20-1538657', 1, 'Ifz9A1tPjn', 'Alfie', 'Robb', 39251.14, 'arobb', '2016-09-29');
insert into employees (employee_id, employee_type_id, password, first_name, last_name, pay_rate, login, hire_date) values ('52-9276246', 1, 'wxg5ykj', 'Mabelle', 'Wiszniewski', 43285.22, 'mwiszniewski', '2015-12-05');
insert into employees (employee_id, employee_type_id, password, first_name, last_name, pay_rate, login, hire_date) values ('37-2036913', 1, 'z0ZXZ7K', 'Shara', 'Readhead', 45408.96, 'sreadhead', '2015-07-17');
insert into employees (employee_id, employee_type_id, password, first_name, last_name, pay_rate, login, hire_date) values ('49-7700516', 1, 'WiKE6ufhmbf', 'Montgomery', 'Mulvenna', 42217.28, 'mmulvenna', '2015-06-05');
insert into employees (employee_id, employee_type_id, password, first_name, last_name, pay_rate, login, hire_date) values ('99-9545512', 2, 'xLK2C5k', 'Jacenta', 'Toohey', 9.08, 'jtoohey', '2018-03-29');
insert into employees (employee_id, employee_type_id, password, first_name, last_name, pay_rate, login, hire_date) values ('53-4604791', 1, 'xXBjDdL', 'Ozzy', 'Wedderburn', 38872.84, 'owedderburn', '2017-05-24');
insert into employees (employee_id, employee_type_id, password, first_name, last_name, pay_rate, login, hire_date) values ('43-2654935', 1, 'tF9hkkJAf', 'Darsey', 'Brannan', 32138.98, 'dbrannan', '2016-10-23');
insert into employees (employee_id, employee_type_id, password, first_name, last_name, pay_rate, login, hire_date) values ('49-8235380', 2, 'P6yjiM47ohO', 'Peyter', 'Lehrmann', 14.37, 'plehrmann', '2017-08-30');
insert into employees (employee_id, employee_type_id, password, first_name, last_name, pay_rate, login, hire_date) values ('84-9278102', 1, '1BfbvvULp', 'Ellerey', 'Kerner', 31135.98, 'ekerner', '2017-04-04');
insert into employees (employee_id, employee_type_id, password, first_name, last_name, pay_rate, login, hire_date) values ('42-4885540', 1, 'ZxlxjnLFErTq', 'Dayna', 'Kubicki', 40619.01, 'dkubicki', '2015-11-11');
insert into employees (employee_id, employee_type_id, password, first_name, last_name, pay_rate, login, hire_date) values ('33-1651437', 2, 'SV4aocRF', 'Taffy', 'Barrs', 10.77, 'tbarrs', '2015-09-04');
insert into employees (employee_id, employee_type_id, password, first_name, last_name, pay_rate, login, hire_date) values ('66-0164125', 2, '0lJIunFP', 'Harmony', 'Blanshard', 10.76, 'hblanshard', '2014-12-24');
insert into employees (employee_id, employee_type_id, password, first_name, last_name, pay_rate, login, hire_date) values ('30-7059165', 1, 'wuIaO0nQENUE', 'Linc', 'Gerrit', 44890.56, 'lgerrit', '2014-01-09');

-- Product Types

insert into product_types (product_type_id, name) values (1, 'Beverages');
insert into product_types (product_type_id, name) values (2, 'Food and Pastries');
insert into product_types (product_type_id, name) values (3, 'Coffee');
insert into product_types (product_type_id, name) values (4, 'Merchandise');


-- Products

insert into products (product_id, product_type_id, name, price) values (1, 1, 'Juan Valdez Reserve Cafe - Small', 1.85);
insert into products (product_id, product_type_id, name, price) values (2, 1, 'Cafe Mocha - Small', 3.45);
insert into products (product_id, product_type_id, name, price) values (3, 1, 'Macchiato - Small', 2.89);
insert into products (product_id, product_type_id, name, price) values (4, 1, 'Hot Chocolate - Small', 2.15);
insert into products (product_id, product_type_id, name, price) values (5, 2, 'Banana Nut Bread', 2.75);
insert into products (product_id, product_type_id, name, price) values (6, 2, 'Cheese Danish', 2.45);
insert into products (product_id, product_type_id, name, price) values (7, 2, 'Butter Croissant', 2.45);
insert into products (product_id, product_type_id, name, price) values (8, 1, 'Juan Valdez Reserve Cafe - Medium', 2.15);
insert into products (product_id, product_type_id, name, price) values (9, 1, 'Juan Valdez Reserve Cafe - Large', 2.45);
insert into products (product_id, product_type_id, name, price) values (10, 1, 'Cafe Mocha - Medium', 4.15);
insert into products (product_id, product_type_id, name, price) values (11, 1, 'Cafe Mocha - Large', 4.65);
insert into products (product_id, product_type_id, name, price) values (12, 1, 'Macchiato - Medium', 3.39);
insert into products (product_id, product_type_id, name, price) values (13, 1, 'Macchiato - Large', 4.65);
insert into products (product_id, product_type_id, name, price) values (14, 1, 'Hot Chocolate - Medium', 2.35);
insert into products (product_id, product_type_id, name, price) values (15, 1, 'Hot Chocolate - Large', 2.55);
insert into products (product_id, product_type_id, name, price) values (16, 2, 'Glazed Donut', 0.99);
insert into products (product_id, product_type_id, name, price) values (17, 2, 'Bear Claw', 2.99);
insert into products (product_id, product_type_id, name, price) values (18, 3, 'Juan Valdez Reserve - 8oz', 3.98);
insert into products (product_id, product_type_id, name, price) values (19, 3, 'Juan Valdez Reserve - 12oz', 5.99);
insert into products (product_id, product_type_id, name, price) values (20, 3, 'Colombian Best - 8oz', 3.24);
insert into products (product_id, product_type_id, name, price) values (21, 3, 'Colombian Best - 16oz', 5.78);
insert into products (product_id, product_type_id, name, price) values (22, 1, 'Iced Tea - Small', 2.85);
insert into products (product_id, product_type_id, name, price) values (23, 1, 'Iced Tea - Medium', 3.25);
insert into products (product_id, product_type_id, name, price) values (24, 1, 'Iced Tea - Large', 4.2);
insert into products (product_id, product_type_id, name, price) values (25, 1, 'Hot Tea - Small', 1.57);
insert into products (product_id, product_type_id, name, price) values (26, 1, 'Hot Tea - Medium', 2.48);
insert into products (product_id, product_type_id, name, price) values (27, 1, 'Hot Tea - Large', 2.97);
insert into products (product_id, product_type_id, name, price) values (28, 2, 'Everything Bagel', 3.24);
insert into products (product_id, product_type_id, name, price) values (29, 2, 'Onion Bagel', 3.18);
insert into products (product_id, product_type_id, name, price) values (30, 2, 'Raisin Bagel', 3.18);
insert into products (product_id, product_type_id, name, price) values (31, 4, 'Colombian Coffee Mug', 8.78);
insert into products (product_id, product_type_id, name, price) values (32, 4, 'Colombian Coffee Bottle', 16.47);
insert into products (product_id, product_type_id, name, price) values (33, 4, 'Hoodie', 20.28);
insert into products (product_id, product_type_id, name, price) values (34, 2, 'Soup Bowl', 4.53);
insert into products (product_id, product_type_id, name, price) values (35, 2, 'Garden Salad', 8.25);

-- Sales Orders

insert into sales_orders (sales_order_id, customer_id, order_date, total, card_number, card_expires, card_authorized, filled) values (1, 85, '2016-01-20', null, '3555615813712195', '2019-03-17', 'fcaafa66-400e-41e6-8ed1-3a77a561e192', '2016-01-20');
insert into sales_orders (sales_order_id, customer_id, order_date, total, card_number, card_expires, card_authorized, filled) values (2, 21, '2018-11-06', null, '3547020095026938', '2019-09-23', '0ab0c6fb-1df4-4ed0-9689-9865d74c8225', '2018-11-06');
insert into sales_orders (sales_order_id, customer_id, order_date, total, card_number, card_expires, card_authorized, filled) values (3, 46, '2017-06-27', null, '201625043368910', '2023-11-21', '87b121dd-05b7-480f-9ce3-cba19a27f507', '2017-06-27');
insert into sales_orders (sales_order_id, customer_id, order_date, total, card_number, card_expires, card_authorized, filled) values (4, 5, '2016-09-10', null, '3583409504910839', '2019-12-03', 'ea52ac01-f8a9-49db-9205-78f8eb5980df', '2016-09-10');
insert into sales_orders (sales_order_id, customer_id, order_date, total, card_number, card_expires, card_authorized, filled) values (5, 89, '2017-01-08', null, '201641434465876', '2023-07-02', 'c23efbd0-256b-4af4-8b13-fdf85f8cf304', '2017-01-08');
insert into sales_orders (sales_order_id, customer_id, order_date, total, card_number, card_expires, card_authorized, filled) values (6, 70, '2016-03-20', null, '5610866439519492', '2024-09-19', 'e29f69bd-115c-440d-a0c9-719472f18a18', '2016-03-20');
insert into sales_orders (sales_order_id, customer_id, order_date, total, card_number, card_expires, card_authorized, filled) values (7, 86, '2015-05-05', null, '201850472073050', '2021-10-24', 'e4f50e76-b072-4e8e-8230-439415892fe3', '2015-05-05');
insert into sales_orders (sales_order_id, customer_id, order_date, total, card_number, card_expires, card_authorized, filled) values (8, 1, '2018-04-30', null, '5602243123391259', '2024-10-13', 'b5634c79-b35c-47bb-8449-cb30857d4c3a', '2018-04-30');
insert into sales_orders (sales_order_id, customer_id, order_date, total, card_number, card_expires, card_authorized, filled) values (9, 61, '2017-11-14', null, '3584071117955723', '2020-05-30', 'f680915e-9ddd-440a-9ba3-bbe06b40eed5', '2017-11-14');
insert into sales_orders (sales_order_id, customer_id, order_date, total, card_number, card_expires, card_authorized, filled) values (10, 18, '2017-12-03', null, '3542697288461942', '2020-09-16', '00dd50cb-49cf-41a4-9353-498e9fdb4095', '2017-12-03');
insert into sales_orders (sales_order_id, customer_id, order_date, total, card_number, card_expires, card_authorized, filled) values (11, 76, '2017-07-02', null, '3548693593132173', '2023-07-27', '7ab26069-d1c6-482e-b9fe-91a3b46fcf5d', '2017-07-02');
insert into sales_orders (sales_order_id, customer_id, order_date, total, card_number, card_expires, card_authorized, filled) values (12, 18, '2018-05-24', null, '3564784332119669', '2020-11-02', '87401094-45ce-47fc-96d3-823d4ac32f0a', '2018-05-24');
insert into sales_orders (sales_order_id, customer_id, order_date, total, card_number, card_expires, card_authorized, filled) values (13, 17, '2016-08-28', null, '374283496644105', '2023-07-27', '7f9e5a21-7f42-460a-a121-f1861822dea9', '2016-08-28');
insert into sales_orders (sales_order_id, customer_id, order_date, total, card_number, card_expires, card_authorized, filled) values (14, 3, '2017-11-13', null, '3530430740000338', '2023-10-23', '5c38d977-3e51-42a5-a70c-f9df13a50260', '2017-11-13');
insert into sales_orders (sales_order_id, customer_id, order_date, total, card_number, card_expires, card_authorized, filled) values (15, 75, '2015-07-19', null, '4917797697765241', '2021-01-14', 'dfacf6ac-b3b1-40e2-aff4-ba4c5fb564ff', '2015-07-19');
insert into sales_orders (sales_order_id, customer_id, order_date, total, card_number, card_expires, card_authorized, filled) values (16, 86, '2017-06-05', null, '3552396264644202', '2020-07-06', '5077e121-e65a-4c22-94de-76792f93e536', '2017-06-05');
insert into sales_orders (sales_order_id, customer_id, order_date, total, card_number, card_expires, card_authorized, filled) values (17, 43, '2017-04-03', null, '3554700685827965', '2019-11-14', 'a6bb0f8a-e5be-499d-93af-a0ea98a48f62', '2017-04-03');
insert into sales_orders (sales_order_id, customer_id, order_date, total, card_number, card_expires, card_authorized, filled) values (18, 100, '2016-04-29', null, '337941240043611', '2022-05-26', '0790f2c0-7804-45ea-93b7-681cfcffea6d', '2016-04-29');
insert into sales_orders (sales_order_id, customer_id, order_date, total, card_number, card_expires, card_authorized, filled) values (19, 73, '2017-11-18', null, '6763897103515972', '2024-10-31', '77843949-60b0-4026-be1d-f8d876ec6ee1', '2017-11-18');
insert into sales_orders (sales_order_id, customer_id, order_date, total, card_number, card_expires, card_authorized, filled) values (20, 26, '2016-01-13', null, '67598085489937993', '2021-03-17', '1a5006e2-341b-44f0-8f60-2eafb1ad6656', '2016-01-13');
insert into sales_orders (sales_order_id, customer_id, order_date, total, card_number, card_expires, card_authorized, filled) values (21, 89, '2017-01-12', null, '378630064274762', '2024-01-30', '61b3fb9a-bef6-45ed-911b-2940e2cc6d4d', '2017-01-12');
insert into sales_orders (sales_order_id, customer_id, order_date, total, card_number, card_expires, card_authorized, filled) values (22, 10, '2017-03-22', null, '3553150283793055', '2024-08-29', '8cc85a7a-b24d-4e7b-a477-6c99cf99f2e6', '2017-03-22');
insert into sales_orders (sales_order_id, customer_id, order_date, total, card_number, card_expires, card_authorized, filled) values (23, 20, '2015-09-18', null, '4911508699150359594', '2023-03-19', '1b8ccf9f-64c5-4ef0-ba71-50931b377206', '2015-09-18');
insert into sales_orders (sales_order_id, customer_id, order_date, total, card_number, card_expires, card_authorized, filled) values (24, 56, '2018-03-22', null, '4405405781696954', '2019-08-26', '6f17c0b2-d091-49e9-af68-5ab3af0039a2', '2018-03-22');
insert into sales_orders (sales_order_id, customer_id, order_date, total, card_number, card_expires, card_authorized, filled) values (25, 8, '2018-06-08', null, '5602231783269469', '2022-12-10', 'c4888ca0-6ab4-4522-bcff-61e7c30197b8', '2018-06-08');
insert into sales_orders (sales_order_id, customer_id, order_date, total, card_number, card_expires, card_authorized, filled) values (26, 11, '2016-07-03', null, '3552558094174847', '2021-11-06', '2f8e7730-d51e-458e-be73-1f0219bade8d', '2016-07-03');
insert into sales_orders (sales_order_id, customer_id, order_date, total, card_number, card_expires, card_authorized, filled) values (27, 86, '2016-10-22', null, '344186490329234', '2020-10-06', 'ca2524d6-f78e-48d8-ae05-449a2a487b2d', '2016-10-22');
insert into sales_orders (sales_order_id, customer_id, order_date, total, card_number, card_expires, card_authorized, filled) values (28, 96, '2018-05-26', null, '3558524914607261', '2024-05-11', '42f38406-e321-43e3-abb7-4f9064283c54', '2018-05-26');
insert into sales_orders (sales_order_id, customer_id, order_date, total, card_number, card_expires, card_authorized, filled) values (29, 83, '2016-09-11', null, '5534495414929022', '2021-01-02', 'e0ddb7cc-c1e9-40c2-b753-fee2236fc329', '2016-09-11');
insert into sales_orders (sales_order_id, customer_id, order_date, total, card_number, card_expires, card_authorized, filled) values (30, 93, '2015-08-12', null, '3549242740997986', '2022-05-04', '70750feb-812a-408c-a77e-152c27f27087', '2015-08-12');
insert into sales_orders (sales_order_id, customer_id, order_date, total, card_number, card_expires, card_authorized, filled) values (31, 81, '2017-12-09', null, '3558413957536845', '2022-12-26', 'e0e26501-eb86-423d-a052-761066e251b4', '2017-12-09');
insert into sales_orders (sales_order_id, customer_id, order_date, total, card_number, card_expires, card_authorized, filled) values (32, 53, '2016-11-11', null, '349556417788313', '2019-10-01', 'd0dce4c5-4e29-481e-9232-8157790aeae6', '2016-11-11');
insert into sales_orders (sales_order_id, customer_id, order_date, total, card_number, card_expires, card_authorized, filled) values (33, 89, '2017-07-04', null, '378571788758260', '2023-03-06', 'bf37e488-1b22-42d6-a062-956cb82aa14f', '2017-07-04');
insert into sales_orders (sales_order_id, customer_id, order_date, total, card_number, card_expires, card_authorized, filled) values (34, 23, '2015-10-19', null, '3532401366541549', '2019-06-13', 'e2b62d31-5b52-4654-a580-f0eda65bad81', '2015-10-19');
insert into sales_orders (sales_order_id, customer_id, order_date, total, card_number, card_expires, card_authorized, filled) values (35, 37, '2016-04-23', null, '3564229187608242', '2021-12-14', 'c941bb51-4b83-47de-9547-f3031bc43a7d', '2016-04-23');
insert into sales_orders (sales_order_id, customer_id, order_date, total, card_number, card_expires, card_authorized, filled) values (36, 7, '2015-04-27', null, '3546504490181795', '2020-01-15', '4c03ee96-8f1a-47e1-ba27-7cd808542b83', '2015-04-27');
insert into sales_orders (sales_order_id, customer_id, order_date, total, card_number, card_expires, card_authorized, filled) values (37, 15, '2015-10-21', null, '3538027210129621', '2021-03-16', 'e8af00ce-4384-4d61-987b-2bacb22725ad', '2015-10-21');
insert into sales_orders (sales_order_id, customer_id, order_date, total, card_number, card_expires, card_authorized, filled) values (38, 96, '2015-07-12', null, '6396275238358334', '2024-11-12', 'db7614d9-7fc2-4bf4-8324-5573cc9af4a4', '2015-07-12');
insert into sales_orders (sales_order_id, customer_id, order_date, total, card_number, card_expires, card_authorized, filled) values (39, 11, '2017-12-14', null, '3575114775445362', '2023-03-18', '2f4002dc-9009-4301-905a-e4f927ed9406', '2017-12-14');
insert into sales_orders (sales_order_id, customer_id, order_date, total, card_number, card_expires, card_authorized, filled) values (40, 51, '2015-01-10', null, '5893755825822495', '2022-01-06', 'dee594bd-df26-46f0-a9c8-376d7fd0fc0d', '2015-01-10');
insert into sales_orders (sales_order_id, customer_id, order_date, total, card_number, card_expires, card_authorized, filled) values (41, 39, '2015-04-20', null, '201872827145714', '2022-08-11', '5025faba-1a94-4611-a372-e1f11d17dfd6', '2015-04-20');
insert into sales_orders (sales_order_id, customer_id, order_date, total, card_number, card_expires, card_authorized, filled) values (42, 25, '2016-08-08', null, '3559325140305764', '2019-05-08', '852b530b-88fa-4d48-9690-7db232bce1c1', '2016-08-08');
insert into sales_orders (sales_order_id, customer_id, order_date, total, card_number, card_expires, card_authorized, filled) values (43, 100, '2018-07-21', null, '4507885092239', '2020-02-13', '6eb2fd6b-d25c-444f-9f87-aa0888a2996f', '2018-07-21');
insert into sales_orders (sales_order_id, customer_id, order_date, total, card_number, card_expires, card_authorized, filled) values (44, 79, '2017-12-01', null, '3533890945719999', '2019-08-17', '0ec7a849-8f07-47c9-8b3e-ef920479c4b9', '2017-12-01');
insert into sales_orders (sales_order_id, customer_id, order_date, total, card_number, card_expires, card_authorized, filled) values (45, 22, '2015-01-05', null, '5020346056326955158', '2021-12-04', '8e5db5e9-8bee-4920-9db0-671df681128d', '2015-01-05');
insert into sales_orders (sales_order_id, customer_id, order_date, total, card_number, card_expires, card_authorized, filled) values (46, 59, '2018-03-05', null, '3553184787154225', '2019-05-05', '2b593c1b-5e84-4429-ad1f-beaf2209c875', '2018-03-05');
insert into sales_orders (sales_order_id, customer_id, order_date, total, card_number, card_expires, card_authorized, filled) values (47, 80, '2018-03-26', null, '5020837694189697', '2023-09-28', 'bd5aa8b0-d7db-4518-980d-c12188b91da3', '2018-03-26');
insert into sales_orders (sales_order_id, customer_id, order_date, total, card_number, card_expires, card_authorized, filled) values (48, 17, '2017-10-23', null, '3530926860715993', '2024-03-31', 'ebf79ece-4d37-4065-acdc-6e8f15bedc0a', '2017-10-23');
insert into sales_orders (sales_order_id, customer_id, order_date, total, card_number, card_expires, card_authorized, filled) values (49, 88, '2017-07-06', null, '5010124498466817', '2023-11-02', 'bec4b0e3-d8fd-481f-bf62-32eff531ef68', '2017-07-06');
insert into sales_orders (sales_order_id, customer_id, order_date, total, card_number, card_expires, card_authorized, filled) values (50, 11, '2016-09-28', null, '4905326914103710518', '2020-04-23', 'dabe1c52-0d89-40ed-9e05-4663820e051e', '2016-09-28');
insert into sales_orders (sales_order_id, customer_id, order_date, total, card_number, card_expires, card_authorized, filled) values (51, 97, '2015-03-01', null, '3529489135226851', '2022-04-29', 'f8aecb88-6b3a-4f60-9a91-bbbb5f99682c', '2015-03-01');
insert into sales_orders (sales_order_id, customer_id, order_date, total, card_number, card_expires, card_authorized, filled) values (52, 40, '2015-08-04', null, '3541427474904237', '2021-05-05', '434ddb4f-60b6-40e6-b4b6-9b77e5ae25c8', '2015-08-04');
insert into sales_orders (sales_order_id, customer_id, order_date, total, card_number, card_expires, card_authorized, filled) values (53, 56, '2016-08-27', null, '3555691673780937', '2023-10-21', 'e04612b3-9409-4dd4-8577-c3277520a75c', '2016-08-27');
insert into sales_orders (sales_order_id, customer_id, order_date, total, card_number, card_expires, card_authorized, filled) values (54, 73, '2017-12-03', null, '3562092977262782', '2022-12-12', '2c4ce242-b407-4038-b7a4-4ada6b3e5a5b', '2017-12-03');
insert into sales_orders (sales_order_id, customer_id, order_date, total, card_number, card_expires, card_authorized, filled) values (55, 48, '2015-04-16', null, '3536232421344520', '2022-02-07', '7be1caa6-78c9-4c91-a1e0-1aac013edaab', '2015-04-16');
insert into sales_orders (sales_order_id, customer_id, order_date, total, card_number, card_expires, card_authorized, filled) values (56, 55, '2018-10-26', null, '3570830679682140', '2023-08-28', '693e70ef-da84-4fd2-8909-e6793b90f97d', '2018-10-26');
insert into sales_orders (sales_order_id, customer_id, order_date, total, card_number, card_expires, card_authorized, filled) values (57, 63, '2015-12-24', null, '3565746172858762', '2024-07-16', 'b65a829f-ff14-4429-96a2-de336d27d3c4', '2015-12-24');
insert into sales_orders (sales_order_id, customer_id, order_date, total, card_number, card_expires, card_authorized, filled) values (58, 79, '2017-05-16', null, '36180609882855', '2020-02-09', '51a830be-897f-4367-af1d-df1a2b24bebb', '2017-05-16');
insert into sales_orders (sales_order_id, customer_id, order_date, total, card_number, card_expires, card_authorized, filled) values (59, 75, '2015-05-25', null, '3533972166227470', '2023-12-04', '07b2d45a-c419-44cd-8d4f-63d970482feb', '2015-05-25');
insert into sales_orders (sales_order_id, customer_id, order_date, total, card_number, card_expires, card_authorized, filled) values (60, 20, '2017-02-14', null, '3563664909896868', '2022-11-01', '0558db68-8f2c-4d37-b197-240b9a0ea147', '2017-02-14');
insert into sales_orders (sales_order_id, customer_id, order_date, total, card_number, card_expires, card_authorized, filled) values (61, 10, '2016-06-07', null, '3552317581349465', '2019-12-15', '2ae1468c-c5de-4da6-b6ea-8779cfbb23e5', '2016-06-07');
insert into sales_orders (sales_order_id, customer_id, order_date, total, card_number, card_expires, card_authorized, filled) values (62, 69, '2018-08-21', null, '3587229121825616', '2019-04-15', 'bf595258-edb8-48d7-b299-c1063693c690', '2018-08-21');
insert into sales_orders (sales_order_id, customer_id, order_date, total, card_number, card_expires, card_authorized, filled) values (63, 88, '2018-07-11', null, '3580808354316349', '2020-06-27', '3954f3ee-fbba-428b-8274-47c60775ee94', '2018-07-11');
insert into sales_orders (sales_order_id, customer_id, order_date, total, card_number, card_expires, card_authorized, filled) values (64, 66, '2015-12-08', null, '3558057516043759', '2022-07-14', 'dc16dcec-2a56-4fbc-abd9-b2dc314805e2', '2015-12-08');
insert into sales_orders (sales_order_id, customer_id, order_date, total, card_number, card_expires, card_authorized, filled) values (65, 9, '2017-01-28', null, '4917852840169724', '2022-08-17', '69ee794a-6b36-4e92-9b8a-e431243d9dc9', '2017-01-28');
insert into sales_orders (sales_order_id, customer_id, order_date, total, card_number, card_expires, card_authorized, filled) values (66, 54, '2015-08-01', null, '4508457486671036', '2019-03-28', '7c44895a-06ea-4534-8ad5-db88ab06c7b6', '2015-08-01');
insert into sales_orders (sales_order_id, customer_id, order_date, total, card_number, card_expires, card_authorized, filled) values (67, 5, '2015-07-22', null, '30350361258190', '2022-06-24', '7caa8044-168b-4e5d-a650-2d7117583548', '2015-07-22');
insert into sales_orders (sales_order_id, customer_id, order_date, total, card_number, card_expires, card_authorized, filled) values (68, 27, '2017-08-19', null, '4032608199535224', '2022-04-19', '6c80e621-ff33-427b-a285-b68a75ca6950', '2017-08-19');
insert into sales_orders (sales_order_id, customer_id, order_date, total, card_number, card_expires, card_authorized, filled) values (69, 1, '2015-10-12', null, '30516612408855', '2024-11-18', 'c7ff516c-7c8d-4047-a72d-785c0a188a61', '2015-10-12');
insert into sales_orders (sales_order_id, customer_id, order_date, total, card_number, card_expires, card_authorized, filled) values (70, 21, '2017-04-17', null, '30564437762593', '2020-11-24', 'e6102749-28e9-429b-b25d-c8ae652a1a08', '2017-04-17');
insert into sales_orders (sales_order_id, customer_id, order_date, total, card_number, card_expires, card_authorized, filled) values (71, 37, '2015-03-02', null, '5108759987547511', '2023-08-31', '31739f8e-89f4-497e-961a-ecf3ec4a8b76', '2015-03-02');
insert into sales_orders (sales_order_id, customer_id, order_date, total, card_number, card_expires, card_authorized, filled) values (72, 67, '2015-03-04', null, '3573251244457081', '2024-07-05', '73e06430-d048-40cc-a9ae-771b2a4dc2be', '2015-03-04');
insert into sales_orders (sales_order_id, customer_id, order_date, total, card_number, card_expires, card_authorized, filled) values (73, 62, '2018-10-03', null, '4903356910578353089', '2021-07-24', '46826b2e-4a96-4554-847c-856a4101125a', '2018-10-03');
insert into sales_orders (sales_order_id, customer_id, order_date, total, card_number, card_expires, card_authorized, filled) values (74, 70, '2018-03-16', null, '3588868529119525', '2020-10-31', '5bb28956-9a8e-4540-8bff-95cebd4da817', '2018-03-16');
insert into sales_orders (sales_order_id, customer_id, order_date, total, card_number, card_expires, card_authorized, filled) values (75, 20, '2017-06-26', null, '6304543860931181409', '2020-07-30', 'a240d220-56d6-4a71-85fb-b951fb0931cf', '2017-06-26');
insert into sales_orders (sales_order_id, customer_id, order_date, total, card_number, card_expires, card_authorized, filled) values (76, 66, '2015-08-15', null, '3560383425857311', '2023-03-19', '2700ae06-f725-4a5c-95fc-91ed474e5702', '2015-08-15');
insert into sales_orders (sales_order_id, customer_id, order_date, total, card_number, card_expires, card_authorized, filled) values (77, 23, '2017-11-09', null, '3546360680867804', '2022-03-25', 'd16b1988-8570-4271-b895-1123769261f3', '2017-11-09');
insert into sales_orders (sales_order_id, customer_id, order_date, total, card_number, card_expires, card_authorized, filled) values (78, 6, '2018-03-23', null, '5048376268075097', '2024-05-29', '2ea797d6-6fd8-4bb0-be19-91333877279e', '2018-03-23');
insert into sales_orders (sales_order_id, customer_id, order_date, total, card_number, card_expires, card_authorized, filled) values (79, 41, '2015-12-14', null, '3550547278899933', '2019-05-15', 'f74b226c-c08f-4b2c-947f-edb1f7091040', '2015-12-14');
insert into sales_orders (sales_order_id, customer_id, order_date, total, card_number, card_expires, card_authorized, filled) values (80, 68, '2018-02-14', null, '6763596124200276934', '2024-11-15', '787e8be5-b180-4273-bdc7-2e4e0ae867a2', '2018-02-14');
insert into sales_orders (sales_order_id, customer_id, order_date, total, card_number, card_expires, card_authorized, filled) values (81, 45, '2018-01-20', null, '373528797691937', '2019-04-25', '1ebe0a1b-f525-4b36-982e-0f44b7fe8323', '2018-01-20');
insert into sales_orders (sales_order_id, customer_id, order_date, total, card_number, card_expires, card_authorized, filled) values (82, 80, '2018-03-28', null, '3539992082656010', '2019-08-09', 'fb96935b-12d7-4589-ab6a-ba7aa78b55b8', '2018-03-28');
insert into sales_orders (sales_order_id, customer_id, order_date, total, card_number, card_expires, card_authorized, filled) values (83, 76, '2018-07-04', null, '3534918317299057', '2022-12-12', '5ac6b8b2-8815-4b73-9ecc-92ee3047b5a8', '2018-07-04');
insert into sales_orders (sales_order_id, customer_id, order_date, total, card_number, card_expires, card_authorized, filled) values (84, 89, '2017-10-09', null, '5048372067450995', '2023-09-30', '56a7912d-5462-42ca-a5d9-ab9b48163fd9', '2017-10-09');
insert into sales_orders (sales_order_id, customer_id, order_date, total, card_number, card_expires, card_authorized, filled) values (85, 82, '2015-09-13', null, '30212894014278', '2022-01-28', 'f0de44d6-ed51-4f38-83fe-18e37ecab0e2', '2015-09-13');
insert into sales_orders (sales_order_id, customer_id, order_date, total, card_number, card_expires, card_authorized, filled) values (86, 54, '2018-08-07', null, '67065676172798199', '2022-05-15', 'afb616fc-e195-44f1-8a5f-d937f46ec4b7', '2018-08-07');
insert into sales_orders (sales_order_id, customer_id, order_date, total, card_number, card_expires, card_authorized, filled) values (87, 73, '2017-07-28', null, '3540766355908390', '2020-07-21', 'f4a2758a-4e96-4288-a9fe-d25e87f56621', '2017-07-28');
insert into sales_orders (sales_order_id, customer_id, order_date, total, card_number, card_expires, card_authorized, filled) values (88, 59, '2016-11-23', null, '5641822407670844', '2020-08-04', '743d7add-404d-45e4-b142-ca3c35d28d52', '2016-11-23');
insert into sales_orders (sales_order_id, customer_id, order_date, total, card_number, card_expires, card_authorized, filled) values (89, 51, '2016-09-27', null, '3573706897795392', '2020-06-10', 'e58f5668-e30f-4334-98ba-d3d66b967205', '2016-09-27');
insert into sales_orders (sales_order_id, customer_id, order_date, total, card_number, card_expires, card_authorized, filled) values (90, 82, '2017-10-22', null, '374622095839501', '2022-06-02', '04c37d3e-a5d6-4c58-af0f-7007445f8ed8', '2017-10-22');
insert into sales_orders (sales_order_id, customer_id, order_date, total, card_number, card_expires, card_authorized, filled) values (91, 54, '2016-11-02', null, '337941922828065', '2023-04-15', '6b2cb363-791e-41e7-9697-f4e526fb0e1c', '2016-11-02');
insert into sales_orders (sales_order_id, customer_id, order_date, total, card_number, card_expires, card_authorized, filled) values (92, 32, '2015-11-19', null, '589339310089744988', '2021-09-24', '6595bbe7-02f2-4996-a019-9cd04270bfd8', '2015-11-19');
insert into sales_orders (sales_order_id, customer_id, order_date, total, card_number, card_expires, card_authorized, filled) values (93, 70, '2017-05-10', null, '3536039386730761', '2020-04-16', '14cce834-ddfe-4b0d-8768-f6d2467b7404', '2017-05-10');
insert into sales_orders (sales_order_id, customer_id, order_date, total, card_number, card_expires, card_authorized, filled) values (94, 69, '2017-09-21', null, '6383343968976173', '2024-02-21', 'c5e2ecb9-4c5b-49d1-b79e-49166572a98d', '2017-09-21');
insert into sales_orders (sales_order_id, customer_id, order_date, total, card_number, card_expires, card_authorized, filled) values (95, 4, '2016-12-21', null, '3572252984752005', '2020-08-02', '3419e5f0-5a70-4f17-9a5a-00cf7658edb3', '2016-12-21');
insert into sales_orders (sales_order_id, customer_id, order_date, total, card_number, card_expires, card_authorized, filled) values (96, 69, '2017-08-25', null, '3572661154406400', '2019-10-01', '44758533-2d42-4ae9-8b95-8a11bda64ee8', '2017-08-25');
insert into sales_orders (sales_order_id, customer_id, order_date, total, card_number, card_expires, card_authorized, filled) values (97, 30, '2018-02-02', null, '3559140845616286', '2021-01-26', 'c40e6761-ffca-40aa-ad55-48721fbab0eb', '2018-02-02');
insert into sales_orders (sales_order_id, customer_id, order_date, total, card_number, card_expires, card_authorized, filled) values (98, 86, '2016-03-15', null, '5010126193313814', '2019-09-09', 'b7e6eeb4-9c0b-4148-8d5a-f5cf4929afe2', '2016-03-15');
insert into sales_orders (sales_order_id, customer_id, order_date, total, card_number, card_expires, card_authorized, filled) values (99, 100, '2015-10-07', null, '374622867711011', '2021-11-05', '8fc6f018-43a9-42f9-a4b1-ad467509de4d', '2015-10-07');
insert into sales_orders (sales_order_id, customer_id, order_date, total, card_number, card_expires, card_authorized, filled) values (100, 14, '2017-08-07', null, '630412845983475900', '2022-07-25', '07cd3398-4781-4200-9e59-0bc7664cacc6', '2017-08-07');
insert into sales_orders (sales_order_id, customer_id, order_date, total, card_number, card_expires, card_authorized, filled) values (101, 7, '2016-10-17', null, '5532788023488022', '2020-12-18', '4c5b7cb2-30aa-4f95-bcbe-87f4d005f2f6', '2016-10-17');
insert into sales_orders (sales_order_id, customer_id, order_date, total, card_number, card_expires, card_authorized, filled) values (102, 4, '2016-01-18', null, '3571303436665708', '2019-02-21', '4cd09707-6240-48c5-9ef2-ddcb06f2ab1c', '2016-01-18');
insert into sales_orders (sales_order_id, customer_id, order_date, total, card_number, card_expires, card_authorized, filled) values (103, 100, '2018-05-14', null, '3553495100584439', '2022-04-03', 'b6b10ae6-1e82-44dd-a351-da4c6ea348a2', '2018-05-14');
insert into sales_orders (sales_order_id, customer_id, order_date, total, card_number, card_expires, card_authorized, filled) values (104, 49, '2017-07-06', null, '4844926868543875', '2024-07-08', 'cf722e7c-7d05-4755-9bf7-ee2e9ec65c23', '2017-07-06');
insert into sales_orders (sales_order_id, customer_id, order_date, total, card_number, card_expires, card_authorized, filled) values (105, 87, '2015-05-23', null, '6761481360587072627', '2023-05-10', 'b1565005-a846-4694-a1ab-124ce649391c', '2015-05-23');
insert into sales_orders (sales_order_id, customer_id, order_date, total, card_number, card_expires, card_authorized, filled) values (106, 15, '2018-08-09', null, '3546535342720463', '2021-07-05', 'e087d4fc-735f-4686-a62b-79f1b9f527fd', '2018-08-09');
insert into sales_orders (sales_order_id, customer_id, order_date, total, card_number, card_expires, card_authorized, filled) values (107, 64, '2017-01-29', null, '63040596224914702', '2023-03-09', '538b3cf6-3448-444f-b388-086bb0e3f63e', '2017-01-29');
insert into sales_orders (sales_order_id, customer_id, order_date, total, card_number, card_expires, card_authorized, filled) values (108, 44, '2015-06-17', null, '3580099675626265', '2019-03-11', '726c2a96-1337-47cc-86ab-2bf26b32d72b', '2015-06-17');
insert into sales_orders (sales_order_id, customer_id, order_date, total, card_number, card_expires, card_authorized, filled) values (109, 23, '2018-03-06', null, '5602210062877895', '2024-07-30', 'b9fa9d62-3d4b-4667-a3b3-f424b7f98c33', '2018-03-06');
insert into sales_orders (sales_order_id, customer_id, order_date, total, card_number, card_expires, card_authorized, filled) values (110, 44, '2015-03-10', null, '6304165524822258737', '2019-11-02', 'eba0108d-25cc-4499-b825-837cdf19e3e2', '2015-03-10');
insert into sales_orders (sales_order_id, customer_id, order_date, total, card_number, card_expires, card_authorized, filled) values (111, 13, '2016-10-29', null, '5602227665824632082', '2024-06-08', '0a4a665f-e1c0-4096-a96e-a51519e2efc2', '2016-10-29');
insert into sales_orders (sales_order_id, customer_id, order_date, total, card_number, card_expires, card_authorized, filled) values (112, 90, '2015-09-07', null, '3570221979567126', '2024-11-04', '91305b61-8f38-4829-a715-a73c3c130385', '2015-09-07');
insert into sales_orders (sales_order_id, customer_id, order_date, total, card_number, card_expires, card_authorized, filled) values (113, 75, '2017-04-02', null, '3539007411922288', '2019-06-23', 'a312a380-7056-4d0e-80ec-acc3608e4c6e', '2017-04-02');
insert into sales_orders (sales_order_id, customer_id, order_date, total, card_number, card_expires, card_authorized, filled) values (114, 75, '2015-05-25', null, '201985218012341', '2019-07-23', 'b6e9ee5e-504e-4e76-8ed8-ef4929edb096', '2015-05-25');
insert into sales_orders (sales_order_id, customer_id, order_date, total, card_number, card_expires, card_authorized, filled) values (115, 87, '2017-08-20', null, '342159975759300', '2022-11-12', 'ca1fdacf-5ddb-4105-83bf-42651b309583', '2017-08-20');
insert into sales_orders (sales_order_id, customer_id, order_date, total, card_number, card_expires, card_authorized, filled) values (116, 96, '2018-02-02', null, '56105256705647125', '2021-12-06', 'ab392209-0319-4467-abfc-7acaa4795b1e', '2018-02-02');
insert into sales_orders (sales_order_id, customer_id, order_date, total, card_number, card_expires, card_authorized, filled) values (117, 69, '2017-08-25', null, '4312911234743360', '2022-04-03', 'fbfea237-8f4a-44fe-be87-d0a67379a18d', '2017-08-25');
insert into sales_orders (sales_order_id, customer_id, order_date, total, card_number, card_expires, card_authorized, filled) values (118, 41, '2017-05-15', null, '5038910821201471623', '2023-07-06', 'e0acda1e-8faa-4a02-8a06-e2b4e9467bcf', '2017-05-15');
insert into sales_orders (sales_order_id, customer_id, order_date, total, card_number, card_expires, card_authorized, filled) values (119, 72, '2016-03-25', null, '5238433127877666', '2019-01-01', '54e2bb6d-53f9-4031-a246-36ab38881048', '2016-03-25');
insert into sales_orders (sales_order_id, customer_id, order_date, total, card_number, card_expires, card_authorized, filled) values (120, 84, '2015-01-22', null, '3553655819854098', '2019-07-12', '0aa81e9a-d2c0-45b3-a30f-30df7b2215a0', '2015-01-22');
insert into sales_orders (sales_order_id, customer_id, order_date, total, card_number, card_expires, card_authorized, filled) values (121, 85, '2017-03-14', null, '5602246587814625', '2022-12-17', '3174efba-ccc5-489e-9841-c09a9c8e77ce', '2017-03-14');
insert into sales_orders (sales_order_id, customer_id, order_date, total, card_number, card_expires, card_authorized, filled) values (122, 10, '2017-06-29', null, '36778287780687', '2020-04-19', '647e51e8-ac52-4d49-a240-9fc1076d1193', '2017-06-29');
insert into sales_orders (sales_order_id, customer_id, order_date, total, card_number, card_expires, card_authorized, filled) values (123, 30, '2015-08-23', null, '201961006751150', '2019-11-27', '12596911-e2a7-41b2-9818-8ee6bda0aba3', '2015-08-23');
insert into sales_orders (sales_order_id, customer_id, order_date, total, card_number, card_expires, card_authorized, filled) values (124, 58, '2018-03-14', null, '30310493193566', '2020-01-03', 'bfc71d50-483f-49a8-bb4e-15a1d51c28cf', '2018-03-14');
insert into sales_orders (sales_order_id, customer_id, order_date, total, card_number, card_expires, card_authorized, filled) values (125, 85, '2016-05-11', null, '3540651500015277', '2019-07-23', '41ad35ed-91a3-4d90-8d00-a548f2c05268', '2016-05-11');
insert into sales_orders (sales_order_id, customer_id, order_date, total, card_number, card_expires, card_authorized, filled) values (126, 93, '2015-06-19', null, '3545521845404186', '2020-04-21', 'def5edd5-0830-4f8c-84ff-f9f36abc36b2', '2015-06-19');
insert into sales_orders (sales_order_id, customer_id, order_date, total, card_number, card_expires, card_authorized, filled) values (127, 42, '2016-07-07', null, '5610749871189307', '2023-02-10', '24ac38b6-b5b5-473c-bb46-748dcaddd997', '2016-07-07');
insert into sales_orders (sales_order_id, customer_id, order_date, total, card_number, card_expires, card_authorized, filled) values (128, 47, '2018-08-31', null, '3565604643719214', '2020-06-25', '0ac78e3c-7a4b-4077-8b26-2f2a5b1e5d7d', '2018-08-31');
insert into sales_orders (sales_order_id, customer_id, order_date, total, card_number, card_expires, card_authorized, filled) values (129, 35, '2016-02-25', null, '5108756715357122', '2024-08-13', 'ef7b391f-b106-4461-a3b8-a964156887ca', '2016-02-25');
insert into sales_orders (sales_order_id, customer_id, order_date, total, card_number, card_expires, card_authorized, filled) values (130, 53, '2018-04-29', null, '4917093280751859', '2024-01-07', 'df728c09-9b5d-4c89-a237-c7ca825d5e80', '2018-04-29');
insert into sales_orders (sales_order_id, customer_id, order_date, total, card_number, card_expires, card_authorized, filled) values (131, 24, '2015-04-19', null, '6762514822791458347', '2020-02-02', '54040112-02e2-4a46-b792-4eaa09f7468e', '2015-04-19');
insert into sales_orders (sales_order_id, customer_id, order_date, total, card_number, card_expires, card_authorized, filled) values (132, 11, '2017-09-21', null, '3560065205912107', '2023-10-29', '2bb29acb-032d-458d-8e7f-ef896905750f', '2017-09-21');
insert into sales_orders (sales_order_id, customer_id, order_date, total, card_number, card_expires, card_authorized, filled) values (133, 59, '2015-02-02', null, '30353164646314', '2024-09-11', '9c06e3cc-1529-44e4-a511-c5da85d1932e', '2015-02-02');
insert into sales_orders (sales_order_id, customer_id, order_date, total, card_number, card_expires, card_authorized, filled) values (134, 18, '2017-07-17', null, '5108752183659727', '2019-09-23', '2dcea248-5768-40d6-96af-3e98355c33d2', '2017-07-17');
insert into sales_orders (sales_order_id, customer_id, order_date, total, card_number, card_expires, card_authorized, filled) values (135, 61, '2016-02-04', null, '3587740022062414', '2024-03-16', 'daa34926-5fa5-4038-b2f3-d35836e0399f', '2016-02-04');
insert into sales_orders (sales_order_id, customer_id, order_date, total, card_number, card_expires, card_authorized, filled) values (136, 94, '2016-05-05', null, '3554981967228979', '2021-05-03', '4d048037-489a-4031-9a89-991f91840d2c', '2016-05-05');
insert into sales_orders (sales_order_id, customer_id, order_date, total, card_number, card_expires, card_authorized, filled) values (137, 83, '2018-04-03', null, '372301082543150', '2021-06-20', '9723ea27-7fbe-4ac5-9e70-1bcfb8b1afc3', '2018-04-03');
insert into sales_orders (sales_order_id, customer_id, order_date, total, card_number, card_expires, card_authorized, filled) values (138, 82, '2017-01-01', null, '3561541803639663', '2019-12-12', '17520851-ac5d-43a0-ab48-333b4907ee85', '2017-01-01');
insert into sales_orders (sales_order_id, customer_id, order_date, total, card_number, card_expires, card_authorized, filled) values (139, 15, '2017-06-24', null, '201572054145128', '2022-09-22', '12064e81-24a2-416e-9ab2-dec02ce7433c', '2017-06-24');
insert into sales_orders (sales_order_id, customer_id, order_date, total, card_number, card_expires, card_authorized, filled) values (140, 38, '2016-07-03', null, '3569124306235057', '2024-04-10', '724ec83a-8333-4b87-a942-694ce5bb672e', '2016-07-03');
insert into sales_orders (sales_order_id, customer_id, order_date, total, card_number, card_expires, card_authorized, filled) values (141, 86, '2018-09-19', null, '3564266676145203', '2021-01-17', 'e9daaa48-847a-4d88-9f07-b8e8ca898d12', '2018-09-19');
insert into sales_orders (sales_order_id, customer_id, order_date, total, card_number, card_expires, card_authorized, filled) values (142, 78, '2018-05-18', null, '3529476011969084', '2021-05-15', 'ef7702ab-f657-4e8e-8e38-62119caa82e6', '2018-05-18');
insert into sales_orders (sales_order_id, customer_id, order_date, total, card_number, card_expires, card_authorized, filled) values (143, 17, '2016-07-06', null, '5602231738196445', '2019-04-23', 'a399bdd0-7ea9-489b-9af3-cf73c16ad020', '2016-07-06');
insert into sales_orders (sales_order_id, customer_id, order_date, total, card_number, card_expires, card_authorized, filled) values (144, 14, '2017-02-24', null, '3550717086071856', '2023-04-06', '7be48302-db3d-4105-a104-f2ac7f2ff8fb', '2017-02-24');
insert into sales_orders (sales_order_id, customer_id, order_date, total, card_number, card_expires, card_authorized, filled) values (145, 87, '2017-05-20', null, '374622022289135', '2024-07-01', 'bf9d6a9c-1a9e-4c0b-8878-316309c190ca', '2017-05-20');
insert into sales_orders (sales_order_id, customer_id, order_date, total, card_number, card_expires, card_authorized, filled) values (146, 91, '2016-09-09', null, '5602253402967067', '2024-09-02', '05c7f4bb-2143-4c75-95a2-861d7ed4235a', '2016-09-09');
insert into sales_orders (sales_order_id, customer_id, order_date, total, card_number, card_expires, card_authorized, filled) values (147, 42, '2016-04-22', null, '3563664806283160', '2024-09-03', 'e8b1342a-d3af-41af-86e0-ef600858f15a', '2016-04-22');
insert into sales_orders (sales_order_id, customer_id, order_date, total, card_number, card_expires, card_authorized, filled) values (148, 53, '2015-03-02', null, '6759224025535507', '2022-10-18', '377a2713-0837-4d2f-ae7c-a1426303e456', '2015-03-02');
insert into sales_orders (sales_order_id, customer_id, order_date, total, card_number, card_expires, card_authorized, filled) values (149, 82, '2017-02-03', null, '30435357103110', '2019-12-05', 'f80c66be-5b28-405d-96c2-39b0d814be03', '2017-02-03');
insert into sales_orders (sales_order_id, customer_id, order_date, total, card_number, card_expires, card_authorized, filled) values (150, 30, '2018-06-25', null, '3576327202074584', '2019-09-12', '5a39921d-85b4-40e1-9fac-99dc515cb3ab', '2018-06-25');
insert into sales_orders (sales_order_id, customer_id, order_date, total, card_number, card_expires, card_authorized, filled) values (151, 41, '2016-03-06', null, '3528660135090981', '2020-11-29', 'c29ac0c6-0a09-4d00-b221-6fdff1b79a71', '2016-03-06');
insert into sales_orders (sales_order_id, customer_id, order_date, total, card_number, card_expires, card_authorized, filled) values (152, 51, '2015-07-29', null, '3544687208837204', '2020-07-16', '18670bcf-da68-4617-b2ee-7a7eea702f73', '2015-07-29');
insert into sales_orders (sales_order_id, customer_id, order_date, total, card_number, card_expires, card_authorized, filled) values (153, 97, '2015-12-03', null, '6763773524309602', '2023-02-09', '1877b6cd-1c09-4fe7-b494-5321280f0aaa', '2015-12-03');
insert into sales_orders (sales_order_id, customer_id, order_date, total, card_number, card_expires, card_authorized, filled) values (154, 38, '2016-01-09', null, '3586702993351755', '2021-05-08', '37d4d710-dc45-4ee9-b91f-28c4ad61c878', '2016-01-09');
insert into sales_orders (sales_order_id, customer_id, order_date, total, card_number, card_expires, card_authorized, filled) values (155, 1, '2016-09-01', null, '560224569665373343', '2020-07-24', 'a3d7eafa-466d-4989-ada4-72035bbbc864', '2016-09-01');
insert into sales_orders (sales_order_id, customer_id, order_date, total, card_number, card_expires, card_authorized, filled) values (156, 96, '2015-09-20', null, '4230605475963534', '2023-10-13', 'afcad36c-a8aa-4db3-b3b8-25613f5d61bc', '2015-09-20');
insert into sales_orders (sales_order_id, customer_id, order_date, total, card_number, card_expires, card_authorized, filled) values (157, 2, '2018-08-07', null, '4041375666726699', '2024-04-27', 'cdcad99a-792d-4156-8408-9e9aac3cabd5', '2018-08-07');
insert into sales_orders (sales_order_id, customer_id, order_date, total, card_number, card_expires, card_authorized, filled) values (158, 25, '2017-01-18', null, '6382741836188049', '2020-03-29', 'da563b9a-3ce5-40ac-b73d-0dd303be7690', '2017-01-18');
insert into sales_orders (sales_order_id, customer_id, order_date, total, card_number, card_expires, card_authorized, filled) values (159, 76, '2016-05-12', null, '63043121820763648', '2022-08-21', '18754094-5945-4765-bab6-6c17939d9fda', '2016-05-12');
insert into sales_orders (sales_order_id, customer_id, order_date, total, card_number, card_expires, card_authorized, filled) values (160, 82, '2016-08-30', null, '30441691598999', '2020-06-03', 'ea7fd001-74d0-4916-a5ec-21325e498a0a', '2016-08-30');
insert into sales_orders (sales_order_id, customer_id, order_date, total, card_number, card_expires, card_authorized, filled) values (161, 94, '2015-12-12', null, '67610543419143045', '2023-05-31', 'd2db1384-0fb4-4267-9848-df8a72b6341b', '2015-12-12');
insert into sales_orders (sales_order_id, customer_id, order_date, total, card_number, card_expires, card_authorized, filled) values (162, 20, '2016-10-26', null, '3542887550745474', '2024-11-08', '211c0488-7b8a-491d-8ff1-ffe93b1b03fd', '2016-10-26');
insert into sales_orders (sales_order_id, customer_id, order_date, total, card_number, card_expires, card_authorized, filled) values (163, 26, '2017-03-08', null, '3538511439477143', '2019-11-16', 'de5d945e-83da-404e-bf89-7aa223db734e', '2017-03-08');
insert into sales_orders (sales_order_id, customer_id, order_date, total, card_number, card_expires, card_authorized, filled) values (164, 20, '2017-04-30', null, '3578090999119347', '2019-12-22', 'a482cc02-4e4c-46ab-b14b-63dcd5058965', '2017-04-30');
insert into sales_orders (sales_order_id, customer_id, order_date, total, card_number, card_expires, card_authorized, filled) values (165, 78, '2018-05-27', null, '4041598912830', '2022-05-31', '6e1359c2-fb59-45fd-82d2-a614721ef879', '2018-05-27');
insert into sales_orders (sales_order_id, customer_id, order_date, total, card_number, card_expires, card_authorized, filled) values (166, 49, '2017-05-28', null, '5893307157645502783', '2019-06-06', 'af98d0f0-0fa8-4482-a773-47b52f2b27a3', '2017-05-28');
insert into sales_orders (sales_order_id, customer_id, order_date, total, card_number, card_expires, card_authorized, filled) values (167, 45, '2016-09-10', null, '4844440601517410', '2024-04-05', '02486a8e-1137-4e47-bfdb-6deef5719d41', '2016-09-10');
insert into sales_orders (sales_order_id, customer_id, order_date, total, card_number, card_expires, card_authorized, filled) values (168, 98, '2017-09-28', null, '3574467938436335', '2024-07-28', 'a057670b-7c41-4f72-8317-ffbfdd98d0a8', '2017-09-28');
insert into sales_orders (sales_order_id, customer_id, order_date, total, card_number, card_expires, card_authorized, filled) values (169, 49, '2015-04-24', null, '3543606639039918', '2022-07-15', 'f7c2d65f-a4f8-4144-8589-1ef835243734', '2015-04-24');
insert into sales_orders (sales_order_id, customer_id, order_date, total, card_number, card_expires, card_authorized, filled) values (170, 74, '2017-10-13', null, '3558679179021390', '2020-01-02', '9234a96f-f901-41c7-b9f8-f3d04b518416', '2017-10-13');
insert into sales_orders (sales_order_id, customer_id, order_date, total, card_number, card_expires, card_authorized, filled) values (171, 68, '2016-05-20', null, '3529389447029052', '2024-08-17', 'c21abd3b-583a-4199-8b33-ba69193dd1cb', '2016-05-20');
insert into sales_orders (sales_order_id, customer_id, order_date, total, card_number, card_expires, card_authorized, filled) values (172, 55, '2016-10-05', null, '3537377801973049', '2021-12-30', '6e6d8b4b-8fd3-4520-9756-9fa2883851e1', '2016-10-05');
insert into sales_orders (sales_order_id, customer_id, order_date, total, card_number, card_expires, card_authorized, filled) values (173, 36, '2017-08-17', null, '3576272597819773', '2020-08-06', '9f9047a5-bb18-4ee9-bae5-729e5aefe961', '2017-08-17');
insert into sales_orders (sales_order_id, customer_id, order_date, total, card_number, card_expires, card_authorized, filled) values (174, 69, '2015-07-17', null, '374283164474983', '2022-08-23', 'ad275000-c786-466c-a204-3c6f41080066', '2015-07-17');
insert into sales_orders (sales_order_id, customer_id, order_date, total, card_number, card_expires, card_authorized, filled) values (175, 67, '2018-08-18', null, '5190544797997182', '2020-12-11', '208e54b7-fa97-47e7-be3b-d1a32366016b', '2018-08-18');
insert into sales_orders (sales_order_id, customer_id, order_date, total, card_number, card_expires, card_authorized, filled) values (176, 29, '2017-05-05', null, '3549240324999170', '2023-09-15', '2a51f754-c780-416f-9a7a-85d9a9abd874', '2017-05-05');
insert into sales_orders (sales_order_id, customer_id, order_date, total, card_number, card_expires, card_authorized, filled) values (177, 85, '2018-03-14', null, '36979553376156', '2022-07-31', 'cb495557-0cd3-4386-982c-7a11020e1f26', '2018-03-14');
insert into sales_orders (sales_order_id, customer_id, order_date, total, card_number, card_expires, card_authorized, filled) values (178, 56, '2016-08-30', null, '4844555580502669', '2023-08-08', 'c0b6723f-750e-4f78-92e1-62f620b01331', '2016-08-30');
insert into sales_orders (sales_order_id, customer_id, order_date, total, card_number, card_expires, card_authorized, filled) values (179, 80, '2018-07-20', null, '5602215855953050', '2019-07-09', '0f32c35f-e773-40c6-a44c-b99a55236903', '2018-07-20');
insert into sales_orders (sales_order_id, customer_id, order_date, total, card_number, card_expires, card_authorized, filled) values (180, 84, '2017-04-05', null, '3557796395955788', '2019-11-24', '2f5c1e29-d38c-4a6e-a05e-033a8932bb34', '2017-04-05');
insert into sales_orders (sales_order_id, customer_id, order_date, total, card_number, card_expires, card_authorized, filled) values (181, 70, '2016-06-15', null, '3560939609290965', '2019-10-22', '0cb5eeaa-6b81-49df-bdff-ac33b14a7c7f', '2016-06-15');
insert into sales_orders (sales_order_id, customer_id, order_date, total, card_number, card_expires, card_authorized, filled) values (182, 82, '2018-11-27', null, '5610626023310140', '2019-04-19', '0cc8e151-0abb-429e-b68f-6fe2cb8f5d5a', '2018-11-27');
insert into sales_orders (sales_order_id, customer_id, order_date, total, card_number, card_expires, card_authorized, filled) values (183, 57, '2016-10-08', null, '3560467467666092', '2023-10-01', '2beb5f45-f315-481a-853b-f05d8e37d75d', '2016-10-08');
insert into sales_orders (sales_order_id, customer_id, order_date, total, card_number, card_expires, card_authorized, filled) values (184, 92, '2015-04-01', null, '30146402545540', '2022-12-16', 'ba8e8649-70f1-45d2-a592-8005b635a716', '2015-04-01');
insert into sales_orders (sales_order_id, customer_id, order_date, total, card_number, card_expires, card_authorized, filled) values (185, 61, '2015-04-06', null, '4917616471875697', '2024-01-07', '778e7965-ec4e-421a-bc56-a7a40b1aa172', '2015-04-06');
insert into sales_orders (sales_order_id, customer_id, order_date, total, card_number, card_expires, card_authorized, filled) values (186, 14, '2017-04-09', null, '3588204559345519', '2023-07-18', 'c4908449-4faf-4c01-9ba4-a34b605c3a73', '2017-04-09');
insert into sales_orders (sales_order_id, customer_id, order_date, total, card_number, card_expires, card_authorized, filled) values (187, 81, '2018-10-23', null, '56022242805775024', '2019-07-09', '65143127-15c5-40f6-b69d-047b9e979891', '2018-10-23');
insert into sales_orders (sales_order_id, customer_id, order_date, total, card_number, card_expires, card_authorized, filled) values (188, 96, '2017-02-14', null, '5020386583292222892', '2024-04-14', '06646773-e6c7-429c-9df7-8a09f1de36c4', '2017-02-14');
insert into sales_orders (sales_order_id, customer_id, order_date, total, card_number, card_expires, card_authorized, filled) values (189, 62, '2017-12-05', null, '3551680972252213', '2023-01-02', 'fef980c5-fda9-46c7-b40a-4356a5b0810f', '2017-12-05');
insert into sales_orders (sales_order_id, customer_id, order_date, total, card_number, card_expires, card_authorized, filled) values (190, 51, '2018-01-19', null, '67710858547336934', '2023-10-08', '8001883d-5058-4eb4-9a03-d96b79c18c91', '2018-01-19');
insert into sales_orders (sales_order_id, customer_id, order_date, total, card_number, card_expires, card_authorized, filled) values (191, 93, '2015-05-24', null, '06047075684153871', '2020-11-20', '12f21c88-ec90-4d3d-aa74-b60f19ef12fd', '2015-05-24');
insert into sales_orders (sales_order_id, customer_id, order_date, total, card_number, card_expires, card_authorized, filled) values (192, 37, '2016-07-07', null, '5426894418626041', '2022-06-08', '33d81584-469f-48d3-8e2d-db1814d63ccb', '2016-07-07');
insert into sales_orders (sales_order_id, customer_id, order_date, total, card_number, card_expires, card_authorized, filled) values (193, 36, '2015-04-24', null, '503886133584953138', '2022-01-25', '7dc021eb-dcba-4e82-a64e-1e5c3ac367e8', '2015-04-24');
insert into sales_orders (sales_order_id, customer_id, order_date, total, card_number, card_expires, card_authorized, filled) values (194, 1, '2018-05-16', null, '30183344486780', '2019-05-26', '55476252-0da9-4d16-86a1-e08b20869e16', '2018-05-16');
insert into sales_orders (sales_order_id, customer_id, order_date, total, card_number, card_expires, card_authorized, filled) values (195, 67, '2018-08-19', null, '4508658793422365', '2024-05-05', '6f7b27d0-e3c8-4bbf-a536-3590381597c7', '2018-08-19');
insert into sales_orders (sales_order_id, customer_id, order_date, total, card_number, card_expires, card_authorized, filled) values (196, 59, '2015-04-26', null, '5048379564439793', '2019-05-08', '305a5a66-f39a-4c7d-8c45-38e44383b3a6', '2015-04-26');
insert into sales_orders (sales_order_id, customer_id, order_date, total, card_number, card_expires, card_authorized, filled) values (197, 86, '2018-03-01', null, '3554237499773952', '2019-08-29', 'cf6a6f48-82eb-44a0-9071-1a86d5c0e65a', '2018-03-01');
insert into sales_orders (sales_order_id, customer_id, order_date, total, card_number, card_expires, card_authorized, filled) values (198, 25, '2015-12-26', null, '4905845886997015851', '2021-03-31', '35abc2c6-1ee8-4f5c-9770-aeba00d47c37', '2015-12-26');
insert into sales_orders (sales_order_id, customer_id, order_date, total, card_number, card_expires, card_authorized, filled) values (199, 1, '2017-05-15', null, '36491467506928', '2022-01-20', '113f7774-f305-4869-90f9-4dc7e28ca89f', '2017-05-15');
insert into sales_orders (sales_order_id, customer_id, order_date, total, card_number, card_expires, card_authorized, filled) values (200, 19, '2016-09-04', null, '3560483981625688', '2021-09-15', 'e7fccf84-f904-4a41-9d1f-099e471d1eab', '2016-09-04');
insert into sales_orders (sales_order_id, customer_id, order_date, total, card_number, card_expires, card_authorized, filled) values (201, 12, '2016-01-05', null, '3547146586280526', '2020-02-09', '7e4a10d4-2d2a-424d-9fde-14358390000e', '2016-01-05');
insert into sales_orders (sales_order_id, customer_id, order_date, total, card_number, card_expires, card_authorized, filled) values (202, 90, '2017-06-08', null, '5002355742144707', '2021-03-28', '30b5f0cb-ae31-419f-a097-b621d018b070', '2017-06-08');
insert into sales_orders (sales_order_id, customer_id, order_date, total, card_number, card_expires, card_authorized, filled) values (203, 57, '2017-07-26', null, '4936510426146858296', '2022-09-28', '7c76844b-bd50-4c36-8db0-f325ed7ccc44', '2017-07-26');
insert into sales_orders (sales_order_id, customer_id, order_date, total, card_number, card_expires, card_authorized, filled) values (204, 85, '2016-04-08', null, '3532617229114055', '2022-02-03', '5dd9b3b4-a77c-4e86-ae7e-1ab5a8703955', '2016-04-08');
insert into sales_orders (sales_order_id, customer_id, order_date, total, card_number, card_expires, card_authorized, filled) values (205, 86, '2018-09-28', null, '6371491470372516', '2024-12-08', '256058b2-7e42-476c-9087-adbcd64f9ed5', '2018-09-28');
insert into sales_orders (sales_order_id, customer_id, order_date, total, card_number, card_expires, card_authorized, filled) values (206, 56, '2017-11-05', null, '3534340360134141', '2024-06-07', '727884bf-7470-468f-b4b0-3e9cf3ac02d3', '2017-11-05');
insert into sales_orders (sales_order_id, customer_id, order_date, total, card_number, card_expires, card_authorized, filled) values (207, 38, '2015-10-19', null, '3581082057752221', '2022-05-20', '14aa5a01-9d9c-4d01-be29-76d693e495fb', '2015-10-19');
insert into sales_orders (sales_order_id, customer_id, order_date, total, card_number, card_expires, card_authorized, filled) values (208, 26, '2018-02-08', null, '67716741995650994', '2020-02-03', 'beadeee3-5353-4796-8b51-fb6d894832cb', '2018-02-08');
insert into sales_orders (sales_order_id, customer_id, order_date, total, card_number, card_expires, card_authorized, filled) values (209, 60, '2018-09-14', null, '3528899136391648', '2024-04-25', '9a91f2a7-a1ca-4470-9897-2770be5377b9', '2018-09-14');
insert into sales_orders (sales_order_id, customer_id, order_date, total, card_number, card_expires, card_authorized, filled) values (210, 50, '2015-01-17', null, '3555504531512899', '2023-07-28', 'c39eedcd-d4f7-43ab-888f-3a10708d3122', '2015-01-17');
insert into sales_orders (sales_order_id, customer_id, order_date, total, card_number, card_expires, card_authorized, filled) values (211, 29, '2018-01-10', null, '3555715083328258', '2022-01-20', '1bb1a136-ea8c-4b7a-bc8c-488d204011a3', '2018-01-10');
insert into sales_orders (sales_order_id, customer_id, order_date, total, card_number, card_expires, card_authorized, filled) values (212, 89, '2018-11-22', null, '3560661875027307', '2023-04-07', 'df0f3d82-093f-4fb3-b92a-b707727afb82', '2018-11-22');
insert into sales_orders (sales_order_id, customer_id, order_date, total, card_number, card_expires, card_authorized, filled) values (213, 66, '2015-03-03', null, '5007663851086113', '2019-01-21', '8bee9ac7-b992-4951-ab8c-1be289cdd062', '2015-03-03');
insert into sales_orders (sales_order_id, customer_id, order_date, total, card_number, card_expires, card_authorized, filled) values (214, 76, '2016-02-18', null, '3553492743730735', '2023-06-10', '7920d187-b6c8-4700-9518-4fc1713be3e6', '2016-02-18');
insert into sales_orders (sales_order_id, customer_id, order_date, total, card_number, card_expires, card_authorized, filled) values (215, 48, '2017-05-28', null, '30189554713151', '2023-01-19', '458aaa3b-f280-44cc-9492-a4b976150b01', '2017-05-28');
insert into sales_orders (sales_order_id, customer_id, order_date, total, card_number, card_expires, card_authorized, filled) values (216, 39, '2016-03-09', null, '6709718971036136724', '2021-02-08', 'e2bb00f4-49ce-4d4d-a839-629df4a9baeb', '2016-03-09');
insert into sales_orders (sales_order_id, customer_id, order_date, total, card_number, card_expires, card_authorized, filled) values (217, 54, '2016-02-16', null, '3546453969158621', '2022-01-02', '95f15b10-84f5-4275-bdaf-591e2438738f', '2016-02-16');
insert into sales_orders (sales_order_id, customer_id, order_date, total, card_number, card_expires, card_authorized, filled) values (218, 72, '2017-06-25', null, '3578045426572948', '2020-07-23', '613370a5-96e5-4908-a8d0-3c1add26a067', '2017-06-25');
insert into sales_orders (sales_order_id, customer_id, order_date, total, card_number, card_expires, card_authorized, filled) values (219, 99, '2017-12-29', null, '371501722543046', '2024-10-31', '82d80760-56db-45be-9f18-6be666e319ab', '2017-12-29');
insert into sales_orders (sales_order_id, customer_id, order_date, total, card_number, card_expires, card_authorized, filled) values (220, 49, '2015-05-01', null, '3583770975974715', '2022-08-21', 'e0283194-a997-42ee-aa6b-22ff1a30714d', '2015-05-01');
insert into sales_orders (sales_order_id, customer_id, order_date, total, card_number, card_expires, card_authorized, filled) values (221, 74, '2018-09-15', null, '5002350681238867', '2021-12-08', 'b8365c3c-c64e-415a-a99e-15a30d3b80d0', '2018-09-15');
insert into sales_orders (sales_order_id, customer_id, order_date, total, card_number, card_expires, card_authorized, filled) values (222, 20, '2017-11-03', null, '3567443840877329', '2021-06-04', '5222e3d4-3685-4078-b859-ec83c679321b', '2017-11-03');
insert into sales_orders (sales_order_id, customer_id, order_date, total, card_number, card_expires, card_authorized, filled) values (223, 4, '2017-03-14', null, '3539502577297806', '2024-05-18', 'b6fdb9bf-6876-49ee-8db4-70696ccf1c0c', '2017-03-14');
insert into sales_orders (sales_order_id, customer_id, order_date, total, card_number, card_expires, card_authorized, filled) values (224, 93, '2015-06-08', null, '56022596657683762', '2021-01-13', 'a3c53811-459b-470e-a98b-4c403037a43f', '2015-06-08');
insert into sales_orders (sales_order_id, customer_id, order_date, total, card_number, card_expires, card_authorized, filled) values (225, 25, '2017-11-02', null, '3528522584962088', '2023-10-13', '22b10f98-c1d0-4084-af12-c0dd8d901c2f', '2017-11-02');
insert into sales_orders (sales_order_id, customer_id, order_date, total, card_number, card_expires, card_authorized, filled) values (226, 19, '2015-03-07', null, '3548317336373098', '2022-10-02', '5a46a895-3968-4240-a542-739959710bf0', '2015-03-07');
insert into sales_orders (sales_order_id, customer_id, order_date, total, card_number, card_expires, card_authorized, filled) values (227, 25, '2015-08-01', null, '30140841071689', '2019-11-27', '7e00ed1d-6a3a-4112-87d4-efbf21353b3a', '2015-08-01');
insert into sales_orders (sales_order_id, customer_id, order_date, total, card_number, card_expires, card_authorized, filled) values (228, 26, '2017-03-19', null, '675981226990268826', '2023-03-25', '06646d0b-1953-42cd-8768-f6cb8481f028', '2017-03-19');
insert into sales_orders (sales_order_id, customer_id, order_date, total, card_number, card_expires, card_authorized, filled) values (229, 50, '2016-12-11', null, '6771923232529188941', '2022-04-03', '3acada60-d054-4164-b62a-c59bb524156f', '2016-12-11');
insert into sales_orders (sales_order_id, customer_id, order_date, total, card_number, card_expires, card_authorized, filled) values (230, 59, '2016-11-26', null, '3533556813461291', '2020-10-19', 'ebad6094-566e-4e53-8a0a-f5a709e88b7f', '2016-11-26');
insert into sales_orders (sales_order_id, customer_id, order_date, total, card_number, card_expires, card_authorized, filled) values (231, 52, '2015-04-07', null, '5382254602086415', '2020-02-22', 'a6453dc8-0832-430e-b1e1-0f5ab5e24358', '2015-04-07');
insert into sales_orders (sales_order_id, customer_id, order_date, total, card_number, card_expires, card_authorized, filled) values (232, 96, '2016-01-14', null, '3530652913592193', '2022-07-23', 'ecdf2a0f-4de9-4bc3-84f3-1f9a40e49f8b', '2016-01-14');
insert into sales_orders (sales_order_id, customer_id, order_date, total, card_number, card_expires, card_authorized, filled) values (233, 63, '2017-06-23', null, '5172969420286145', '2020-06-04', 'e6c2bc64-3b70-43f8-b832-0ca72de7ec74', '2017-06-23');
insert into sales_orders (sales_order_id, customer_id, order_date, total, card_number, card_expires, card_authorized, filled) values (234, 17, '2017-10-31', null, '560221467703723202', '2022-09-15', 'e32a696c-e16e-4e23-ade5-5dc767fb1b4c', '2017-10-31');
insert into sales_orders (sales_order_id, customer_id, order_date, total, card_number, card_expires, card_authorized, filled) values (235, 47, '2018-06-07', null, '5407503043471870', '2022-01-17', 'ee1e6357-d89a-4349-a52c-87b0b354c6de', '2018-06-07');
insert into sales_orders (sales_order_id, customer_id, order_date, total, card_number, card_expires, card_authorized, filled) values (236, 45, '2015-12-20', null, '3530299992929738', '2022-05-05', 'e6c670ad-cdf7-4af2-b9e3-4c79a0e22e4f', '2015-12-20');
insert into sales_orders (sales_order_id, customer_id, order_date, total, card_number, card_expires, card_authorized, filled) values (237, 99, '2017-08-10', null, '676296103003022193', '2021-12-16', '271161a5-6226-42e2-9017-32bbb7861e76', '2017-08-10');
insert into sales_orders (sales_order_id, customer_id, order_date, total, card_number, card_expires, card_authorized, filled) values (238, 62, '2018-08-17', null, '3548473419877511', '2023-09-16', 'b3612613-9604-47bb-8b13-5d4f286106cf', '2018-08-17');
insert into sales_orders (sales_order_id, customer_id, order_date, total, card_number, card_expires, card_authorized, filled) values (239, 33, '2017-10-10', null, '4017957763769480', '2020-05-17', '01d3dd62-b36b-432c-972a-9338c31a70ca', '2017-10-10');
insert into sales_orders (sales_order_id, customer_id, order_date, total, card_number, card_expires, card_authorized, filled) values (240, 35, '2016-09-29', null, '4405473815215019', '2022-06-03', 'c11c5e8e-2877-488d-931d-e06f6f400b7c', '2016-09-29');
insert into sales_orders (sales_order_id, customer_id, order_date, total, card_number, card_expires, card_authorized, filled) values (241, 67, '2018-11-22', null, '6333812026873698', '2024-06-08', '5bb49e85-8ede-4750-85c5-9840a14aa2aa', '2018-11-22');
insert into sales_orders (sales_order_id, customer_id, order_date, total, card_number, card_expires, card_authorized, filled) values (242, 54, '2016-01-22', null, '3572862777491320', '2022-06-30', 'f716229b-2641-4a95-ab74-cad97461ea1b', '2016-01-22');
insert into sales_orders (sales_order_id, customer_id, order_date, total, card_number, card_expires, card_authorized, filled) values (243, 99, '2016-04-23', null, '30207193127169', '2020-12-23', 'e8d275a5-7832-4aef-8a55-1b753fe910d5', '2016-04-23');
insert into sales_orders (sales_order_id, customer_id, order_date, total, card_number, card_expires, card_authorized, filled) values (244, 45, '2015-09-21', null, '4041597344969', '2022-01-20', '46ae8138-c0ad-4232-9069-695c7848abb3', '2015-09-21');
insert into sales_orders (sales_order_id, customer_id, order_date, total, card_number, card_expires, card_authorized, filled) values (245, 52, '2017-08-27', null, '3537325816289497', '2021-02-25', 'b221fead-ea20-4db9-8fa5-5b9b9578659a', '2017-08-27');
insert into sales_orders (sales_order_id, customer_id, order_date, total, card_number, card_expires, card_authorized, filled) values (246, 1, '2018-02-27', null, '5326972713297618', '2019-05-21', '1f7fa1b0-9bbe-4d19-a6a1-2b3ca9ce67f7', '2018-02-27');
insert into sales_orders (sales_order_id, customer_id, order_date, total, card_number, card_expires, card_authorized, filled) values (247, 86, '2015-11-12', null, '374622770879103', '2019-07-29', '11c4554a-e878-4ab5-b289-85bf1ba8aba5', '2015-11-12');
insert into sales_orders (sales_order_id, customer_id, order_date, total, card_number, card_expires, card_authorized, filled) values (248, 88, '2016-06-22', null, '3575241669143660', '2020-05-05', 'c51f4028-0195-4399-a227-89421bf96905', '2016-06-22');
insert into sales_orders (sales_order_id, customer_id, order_date, total, card_number, card_expires, card_authorized, filled) values (249, 86, '2015-04-26', null, '4844050220229949', '2022-05-28', 'd4eee09e-52a7-4b4f-b655-76ff0077f766', '2015-04-26');
insert into sales_orders (sales_order_id, customer_id, order_date, total, card_number, card_expires, card_authorized, filled) values (250, 43, '2015-07-26', null, '5449466413322000', '2023-10-30', '44d9a48b-8802-4ff4-9082-c30eb7f5b3fd', '2015-07-26');
insert into sales_orders (sales_order_id, customer_id, order_date, total, card_number, card_expires, card_authorized, filled) values (251, 9, '2016-11-13', null, '3548501973356066', '2020-02-16', '8b86ba3f-4270-4b52-a3e8-6d0d633626d5', '2016-11-13');
insert into sales_orders (sales_order_id, customer_id, order_date, total, card_number, card_expires, card_authorized, filled) values (252, 94, '2016-02-16', null, '560224999040657476', '2023-12-24', 'a8c302c3-bc49-4cbb-9141-a42457b5f2c5', '2016-02-16');
insert into sales_orders (sales_order_id, customer_id, order_date, total, card_number, card_expires, card_authorized, filled) values (253, 36, '2018-06-20', null, '30251387135224', '2024-07-29', '20fb4674-74e5-4f48-bd93-4b4fc9e8a491', '2018-06-20');
insert into sales_orders (sales_order_id, customer_id, order_date, total, card_number, card_expires, card_authorized, filled) values (254, 30, '2018-07-30', null, '6396939233004405', '2019-10-03', 'f25bafcf-9f73-4f2a-a9f2-d560a26a5f02', '2018-07-30');
insert into sales_orders (sales_order_id, customer_id, order_date, total, card_number, card_expires, card_authorized, filled) values (255, 70, '2017-01-24', null, '5108754643015078', '2023-08-20', '5dfdd252-f50a-4dc1-96a8-46040060bb1a', '2017-01-24');
insert into sales_orders (sales_order_id, customer_id, order_date, total, card_number, card_expires, card_authorized, filled) values (256, 23, '2015-04-07', null, '4903356105633748791', '2021-04-16', '7bd9eee9-7dac-48c3-b760-3ee2a956c712', '2015-04-07');
insert into sales_orders (sales_order_id, customer_id, order_date, total, card_number, card_expires, card_authorized, filled) values (257, 86, '2018-11-17', null, '5100142395797986', '2022-03-29', '9613e267-7880-4cb7-b3cb-4cedbe8c5d00', '2018-11-17');
insert into sales_orders (sales_order_id, customer_id, order_date, total, card_number, card_expires, card_authorized, filled) values (258, 15, '2016-12-16', null, '3579334360112377', '2023-05-17', '9c45b4d5-7a8c-4798-92f3-457ad4b20287', '2016-12-16');
insert into sales_orders (sales_order_id, customer_id, order_date, total, card_number, card_expires, card_authorized, filled) values (259, 19, '2017-12-19', null, '30196252469416', '2021-06-05', 'e2480a6e-6435-42cc-bf26-6f44416c3070', '2017-12-19');
insert into sales_orders (sales_order_id, customer_id, order_date, total, card_number, card_expires, card_authorized, filled) values (260, 21, '2016-01-26', null, '3547084884931708', '2019-12-10', '5f16bcfe-fb84-49d9-9e2a-53e68bce7917', '2016-01-26');
insert into sales_orders (sales_order_id, customer_id, order_date, total, card_number, card_expires, card_authorized, filled) values (261, 44, '2018-02-11', null, '589367876966759591', '2023-12-04', '522dae16-e871-484f-998e-22adb6817ab6', '2018-02-11');
insert into sales_orders (sales_order_id, customer_id, order_date, total, card_number, card_expires, card_authorized, filled) values (262, 70, '2015-12-25', null, '4405345716083094', '2019-09-19', '502ecebd-948e-4bbb-b93b-0148b8c41de9', '2015-12-25');
insert into sales_orders (sales_order_id, customer_id, order_date, total, card_number, card_expires, card_authorized, filled) values (263, 95, '2016-11-14', null, '6771600705274652971', '2023-05-27', '2fe1e739-6ab2-4b56-b70b-e7be73ebaa81', '2016-11-14');
insert into sales_orders (sales_order_id, customer_id, order_date, total, card_number, card_expires, card_authorized, filled) values (264, 85, '2018-02-06', null, '4026099688789910', '2023-04-09', 'b76c2c3c-b775-4208-8416-0d8c58974229', '2018-02-06');
insert into sales_orders (sales_order_id, customer_id, order_date, total, card_number, card_expires, card_authorized, filled) values (265, 22, '2016-03-23', null, '3584124915601096', '2019-02-18', 'c6269489-69b9-4498-b1f8-350f10deb63a', '2016-03-23');
insert into sales_orders (sales_order_id, customer_id, order_date, total, card_number, card_expires, card_authorized, filled) values (266, 25, '2015-12-15', null, '5505791834735485', '2021-02-24', 'a00d88dc-089c-4115-be1a-f7d8102288a0', '2015-12-15');
insert into sales_orders (sales_order_id, customer_id, order_date, total, card_number, card_expires, card_authorized, filled) values (267, 37, '2017-08-01', null, '3579444152218751', '2021-06-10', 'ca1798e1-37d6-4fbb-996c-e4b75042e562', '2017-08-01');
insert into sales_orders (sales_order_id, customer_id, order_date, total, card_number, card_expires, card_authorized, filled) values (268, 38, '2017-12-11', null, '3535433612672155', '2019-05-30', 'dab48d61-3076-4d40-bad0-fbbff50521b7', '2017-12-11');
insert into sales_orders (sales_order_id, customer_id, order_date, total, card_number, card_expires, card_authorized, filled) values (269, 23, '2018-11-06', null, '201582518350271', '2020-01-26', 'd1fc238a-953a-4a96-8a42-d912a6c17d5c', '2018-11-06');
insert into sales_orders (sales_order_id, customer_id, order_date, total, card_number, card_expires, card_authorized, filled) values (270, 68, '2017-07-25', null, '3589717536564299', '2020-03-25', 'd8b2a83b-358b-4f37-9ce8-36f552be822a', '2017-07-25');
insert into sales_orders (sales_order_id, customer_id, order_date, total, card_number, card_expires, card_authorized, filled) values (271, 75, '2015-03-06', null, '3581126270006442', '2023-04-22', '1d8ea30b-f1aa-4dac-8b92-27564f1b8259', '2015-03-06');
insert into sales_orders (sales_order_id, customer_id, order_date, total, card_number, card_expires, card_authorized, filled) values (272, 61, '2016-09-04', null, '3575885455225253', '2022-09-11', '93c9e245-bbc8-4d9c-8d1c-4f4809a3fdb6', '2016-09-04');
insert into sales_orders (sales_order_id, customer_id, order_date, total, card_number, card_expires, card_authorized, filled) values (273, 47, '2017-03-17', null, '3560798061395229', '2024-12-19', '40343dc1-feb3-48c3-b367-6e987de4c3b1', '2017-03-17');
insert into sales_orders (sales_order_id, customer_id, order_date, total, card_number, card_expires, card_authorized, filled) values (274, 13, '2018-08-03', null, '3576738216587140', '2021-08-19', 'a5e52b23-2f65-4aaa-9c7f-2e5dac8599ef', '2018-08-03');
insert into sales_orders (sales_order_id, customer_id, order_date, total, card_number, card_expires, card_authorized, filled) values (275, 89, '2017-04-14', null, '4917614575854403', '2022-07-01', 'f9249447-14ee-4596-a6e6-c445c22a15b2', '2017-04-14');
insert into sales_orders (sales_order_id, customer_id, order_date, total, card_number, card_expires, card_authorized, filled) values (276, 65, '2018-11-09', null, '3583205117338479', '2024-06-29', '938bf9b5-d034-49ff-b850-84c6d96bec73', '2018-11-09');
insert into sales_orders (sales_order_id, customer_id, order_date, total, card_number, card_expires, card_authorized, filled) values (277, 3, '2018-04-12', null, '676299222572422878', '2020-10-02', 'df9c1e8d-9b1a-4364-9290-63fa5caae76f', '2018-04-12');
insert into sales_orders (sales_order_id, customer_id, order_date, total, card_number, card_expires, card_authorized, filled) values (278, 76, '2017-01-13', null, '30321584570141', '2023-08-22', '45fc1d99-e946-4d40-8c01-311277779ab9', '2017-01-13');
insert into sales_orders (sales_order_id, customer_id, order_date, total, card_number, card_expires, card_authorized, filled) values (279, 47, '2017-02-09', null, '3539463723124180', '2019-10-09', '13cb68ce-c7e2-4874-a52b-583a24622a9e', '2017-02-09');
insert into sales_orders (sales_order_id, customer_id, order_date, total, card_number, card_expires, card_authorized, filled) values (280, 80, '2015-05-15', null, '3564955294086142', '2023-07-11', '3f6873cb-872e-4fd9-a8db-2f9cc723401f', '2015-05-15');
insert into sales_orders (sales_order_id, customer_id, order_date, total, card_number, card_expires, card_authorized, filled) values (281, 72, '2017-05-12', null, '3543217290227139', '2022-02-02', 'aef34813-23ae-46f0-ab70-e104e01614de', '2017-05-12');
insert into sales_orders (sales_order_id, customer_id, order_date, total, card_number, card_expires, card_authorized, filled) values (282, 85, '2017-09-29', null, '3572008613992903', '2024-06-10', 'af8134a6-6dbd-49b1-ad43-708ad7ba3566', '2017-09-29');
insert into sales_orders (sales_order_id, customer_id, order_date, total, card_number, card_expires, card_authorized, filled) values (283, 54, '2018-12-18', null, '5100131679320664', '2023-03-05', '147c4b00-89fc-406f-b515-2429ccac4fdb', '2018-12-18');
insert into sales_orders (sales_order_id, customer_id, order_date, total, card_number, card_expires, card_authorized, filled) values (284, 48, '2015-01-30', null, '5309441203501039', '2019-01-10', 'd2878366-e5bb-4fa9-867b-44b1b481005c', '2015-01-30');
insert into sales_orders (sales_order_id, customer_id, order_date, total, card_number, card_expires, card_authorized, filled) values (285, 63, '2016-02-21', null, '201941388584411', '2023-11-15', 'e6232cda-7f6d-4973-bcd9-2e95e42e9c50', '2016-02-21');
insert into sales_orders (sales_order_id, customer_id, order_date, total, card_number, card_expires, card_authorized, filled) values (286, 51, '2016-08-02', null, '3557614268872099', '2024-01-30', 'ff292d9a-d05f-4bbc-a145-f477bbb1daa1', '2016-08-02');
insert into sales_orders (sales_order_id, customer_id, order_date, total, card_number, card_expires, card_authorized, filled) values (287, 94, '2016-12-08', null, '3585213104019662', '2020-12-26', 'c820675e-edcc-445e-a53f-85651730e9ac', '2016-12-08');
insert into sales_orders (sales_order_id, customer_id, order_date, total, card_number, card_expires, card_authorized, filled) values (288, 38, '2016-10-07', null, '3547314125887918', '2021-11-05', '8f5f8a04-5b81-4d5f-afb5-6ef671258a53', '2016-10-07');
insert into sales_orders (sales_order_id, customer_id, order_date, total, card_number, card_expires, card_authorized, filled) values (289, 53, '2015-03-24', null, '3562682066997635', '2024-05-15', '047622b0-7aba-4086-b2cd-a48eaaf16fcb', '2015-03-24');
insert into sales_orders (sales_order_id, customer_id, order_date, total, card_number, card_expires, card_authorized, filled) values (290, 53, '2016-10-24', null, '3543013678546509', '2021-09-20', '14b1e910-f29b-4de8-a1ed-24668927595b', '2016-10-24');
insert into sales_orders (sales_order_id, customer_id, order_date, total, card_number, card_expires, card_authorized, filled) values (291, 69, '2018-01-08', null, '3588145668274027', '2021-11-18', '4ce0e9df-4e9f-404a-85fe-0ccc928680a7', '2018-01-08');
insert into sales_orders (sales_order_id, customer_id, order_date, total, card_number, card_expires, card_authorized, filled) values (292, 46, '2015-11-13', null, '3555053985535659', '2019-12-19', '68957634-477e-4f3d-a6c4-9647fafc4d5f', '2015-11-13');
insert into sales_orders (sales_order_id, customer_id, order_date, total, card_number, card_expires, card_authorized, filled) values (293, 4, '2015-12-15', null, '3534756656181605', '2020-05-30', 'ef0feba0-c86c-4d7d-9cfe-6233f91bbec4', '2015-12-15');
insert into sales_orders (sales_order_id, customer_id, order_date, total, card_number, card_expires, card_authorized, filled) values (294, 7, '2017-07-28', null, '3545483753758006', '2019-05-23', '274f917f-917b-40c7-81cb-098aa2c742c8', '2017-07-28');
insert into sales_orders (sales_order_id, customer_id, order_date, total, card_number, card_expires, card_authorized, filled) values (295, 62, '2018-01-22', null, '4508963008308247', '2019-11-23', '9ab7cccd-0557-4631-9879-9c5c0df2c897', '2018-01-22');
insert into sales_orders (sales_order_id, customer_id, order_date, total, card_number, card_expires, card_authorized, filled) values (296, 72, '2016-03-18', null, '3570710477534711', '2021-01-23', '2aa41a98-ce9e-4a60-b163-f00f0e2f906d', '2016-03-18');
insert into sales_orders (sales_order_id, customer_id, order_date, total, card_number, card_expires, card_authorized, filled) values (297, 42, '2015-12-19', null, '4917177573650496', '2020-12-07', '30b774d1-3967-4d18-bb87-eac1d6333611', '2015-12-19');
insert into sales_orders (sales_order_id, customer_id, order_date, total, card_number, card_expires, card_authorized, filled) values (298, 52, '2018-07-28', null, '633110192247359151', '2022-04-10', 'bc64e837-7198-4361-9c4d-f42a2c8317b5', '2018-07-28');
insert into sales_orders (sales_order_id, customer_id, order_date, total, card_number, card_expires, card_authorized, filled) values (299, 95, '2015-06-02', null, '3537329316607521', '2021-02-03', 'a897972c-601f-4dfd-8baa-45ce55093c10', '2015-06-02');
insert into sales_orders (sales_order_id, customer_id, order_date, total, card_number, card_expires, card_authorized, filled) values (300, 8, '2018-12-07', null, '30567658054889', '2019-07-10', '62042c1d-9327-4540-8f12-63d730d680bc', '2018-12-07');


-- Sales Order Items

insert into sales_order_items (sales_order_item_id, sales_order_id, product_id, name, quantity, price) values (1, 130, 1, 'Cafe Mocha - Small', 2, 3.45);
insert into sales_order_items (sales_order_item_id, sales_order_id, product_id, name, quantity, price) values (2, 264, 4, 'Colombian Coffee Bottle', 3, 16.47);
insert into sales_order_items (sales_order_item_id, sales_order_id, product_id, name, quantity, price) values (3, 278, 1, 'Hot Tea - Small', 3, 1.57);
insert into sales_order_items (sales_order_item_id, sales_order_id, product_id, name, quantity, price) values (4, 272, 3, 'Colombian Best - 8oz', 2, 3.24);
insert into sales_order_items (sales_order_item_id, sales_order_id, product_id, name, quantity, price) values (5, 19, 2, 'Glazed Donut', 3, 0.99);
insert into sales_order_items (sales_order_item_id, sales_order_id, product_id, name, quantity, price) values (6, 5, 1, 'Iced Tea - Small', 3, 2.85);
insert into sales_order_items (sales_order_item_id, sales_order_id, product_id, name, quantity, price) values (7, 288, 3, 'Juan Valdez Reserve - 12oz', 2, 5.99);
insert into sales_order_items (sales_order_item_id, sales_order_id, product_id, name, quantity, price) values (8, 271, 1, 'Hot Chocolate - Large', 1, 2.55);
insert into sales_order_items (sales_order_item_id, sales_order_id, product_id, name, quantity, price) values (9, 115, 1, 'Hot Chocolate - Small', 2, 2.15);
insert into sales_order_items (sales_order_item_id, sales_order_id, product_id, name, quantity, price) values (10, 81, 4, 'Colombian Coffee Mug', 3, 8.78);
insert into sales_order_items (sales_order_item_id, sales_order_id, product_id, name, quantity, price) values (11, 60, 1, 'Cafe Mocha - Large', 1, 4.65);
insert into sales_order_items (sales_order_item_id, sales_order_id, product_id, name, quantity, price) values (12, 234, 3, 'Colombian Best - 16oz', 3, 5.78);
insert into sales_order_items (sales_order_item_id, sales_order_id, product_id, name, quantity, price) values (13, 152, 1, 'Hot Tea - Large', 2, 2.97);
insert into sales_order_items (sales_order_item_id, sales_order_id, product_id, name, quantity, price) values (14, 207, 2, 'Banana Nut Bread', 2, 2.75);
insert into sales_order_items (sales_order_item_id, sales_order_id, product_id, name, quantity, price) values (15, 185, 3, 'Colombian Best - 16oz', 1, 5.78);
insert into sales_order_items (sales_order_item_id, sales_order_id, product_id, name, quantity, price) values (16, 289, 2, 'Bear Claw', 2, 2.99);
insert into sales_order_items (sales_order_item_id, sales_order_id, product_id, name, quantity, price) values (17, 86, 3, 'Juan Valdez Reserve - 12oz', 3, 5.99);
insert into sales_order_items (sales_order_item_id, sales_order_id, product_id, name, quantity, price) values (18, 65, 1, 'Iced Tea - Large', 3, 4.2);
insert into sales_order_items (sales_order_item_id, sales_order_id, product_id, name, quantity, price) values (19, 270, 1, 'Cafe Mocha - Large', 2, 4.65);
insert into sales_order_items (sales_order_item_id, sales_order_id, product_id, name, quantity, price) values (20, 22, 1, 'Hot Tea - Large', 3, 2.97);
insert into sales_order_items (sales_order_item_id, sales_order_id, product_id, name, quantity, price) values (21, 223, 2, 'Cheese Danish', 1, 2.45);
insert into sales_order_items (sales_order_item_id, sales_order_id, product_id, name, quantity, price) values (22, 71, 3, 'Juan Valdez Reserve - 8oz', 3, 3.98);
insert into sales_order_items (sales_order_item_id, sales_order_id, product_id, name, quantity, price) values (23, 112, 1, 'Iced Tea - Medium', 1, 3.25);
insert into sales_order_items (sales_order_item_id, sales_order_id, product_id, name, quantity, price) values (24, 13, 2, 'Everything Bagel', 2, 3.24);
insert into sales_order_items (sales_order_item_id, sales_order_id, product_id, name, quantity, price) values (25, 56, 2, 'Glazed Donut', 1, 0.99);
insert into sales_order_items (sales_order_item_id, sales_order_id, product_id, name, quantity, price) values (26, 299, 3, 'Juan Valdez Reserve - 8oz', 3, 3.98);
insert into sales_order_items (sales_order_item_id, sales_order_id, product_id, name, quantity, price) values (27, 271, 1, 'Iced Tea - Large', 2, 4.2);
insert into sales_order_items (sales_order_item_id, sales_order_id, product_id, name, quantity, price) values (28, 87, 2, 'Bear Claw', 1, 2.99);
insert into sales_order_items (sales_order_item_id, sales_order_id, product_id, name, quantity, price) values (29, 127, 4, 'Colombian Coffee Mug', 3, 8.78);
insert into sales_order_items (sales_order_item_id, sales_order_id, product_id, name, quantity, price) values (30, 191, 1, 'Hot Tea - Large', 1, 2.97);
insert into sales_order_items (sales_order_item_id, sales_order_id, product_id, name, quantity, price) values (31, 17, 1, 'Iced Tea - Medium', 3, 3.25);
insert into sales_order_items (sales_order_item_id, sales_order_id, product_id, name, quantity, price) values (32, 280, 1, 'Iced Tea - Medium', 1, 3.25);
insert into sales_order_items (sales_order_item_id, sales_order_id, product_id, name, quantity, price) values (33, 296, 1, 'Hot Tea - Small', 1, 1.57);
insert into sales_order_items (sales_order_item_id, sales_order_id, product_id, name, quantity, price) values (34, 97, 2, 'Raisin Bagel', 2, 3.18);
insert into sales_order_items (sales_order_item_id, sales_order_id, product_id, name, quantity, price) values (35, 296, 2, 'Garden Salad', 3, 8.25);
insert into sales_order_items (sales_order_item_id, sales_order_id, product_id, name, quantity, price) values (36, 198, 1, 'Cafe Mocha - Small', 1, 3.45);
insert into sales_order_items (sales_order_item_id, sales_order_id, product_id, name, quantity, price) values (37, 178, 1, 'Cafe Mocha - Large', 3, 4.65);
insert into sales_order_items (sales_order_item_id, sales_order_id, product_id, name, quantity, price) values (38, 42, 3, 'Juan Valdez Reserve - 8oz', 1, 3.98);
insert into sales_order_items (sales_order_item_id, sales_order_id, product_id, name, quantity, price) values (39, 31, 2, 'Banana Nut Bread', 2, 2.75);
insert into sales_order_items (sales_order_item_id, sales_order_id, product_id, name, quantity, price) values (40, 53, 4, 'Colombian Coffee Bottle', 3, 16.47);
insert into sales_order_items (sales_order_item_id, sales_order_id, product_id, name, quantity, price) values (41, 18, 2, 'Garden Salad', 1, 8.25);
insert into sales_order_items (sales_order_item_id, sales_order_id, product_id, name, quantity, price) values (42, 82, 2, 'Cheese Danish', 1, 2.45);
insert into sales_order_items (sales_order_item_id, sales_order_id, product_id, name, quantity, price) values (43, 21, 1, 'Hot Chocolate - Small', 2, 2.15);
insert into sales_order_items (sales_order_item_id, sales_order_id, product_id, name, quantity, price) values (44, 3, 1, 'Hot Tea - Large', 2, 2.97);
insert into sales_order_items (sales_order_item_id, sales_order_id, product_id, name, quantity, price) values (45, 192, 1, 'Hot Chocolate - Medium', 3, 2.35);
insert into sales_order_items (sales_order_item_id, sales_order_id, product_id, name, quantity, price) values (46, 183, 2, 'Banana Nut Bread', 2, 2.75);
insert into sales_order_items (sales_order_item_id, sales_order_id, product_id, name, quantity, price) values (47, 139, 2, 'Soup Bowl', 2, 4.53);
insert into sales_order_items (sales_order_item_id, sales_order_id, product_id, name, quantity, price) values (48, 286, 2, 'Soup Bowl', 3, 4.53);
insert into sales_order_items (sales_order_item_id, sales_order_id, product_id, name, quantity, price) values (49, 194, 4, 'Colombian Coffee Bottle', 2, 16.47);
insert into sales_order_items (sales_order_item_id, sales_order_id, product_id, name, quantity, price) values (50, 53, 1, 'Hot Chocolate - Small', 3, 2.15);
insert into sales_order_items (sales_order_item_id, sales_order_id, product_id, name, quantity, price) values (51, 71, 1, 'Iced Tea - Medium', 1, 3.25);
insert into sales_order_items (sales_order_item_id, sales_order_id, product_id, name, quantity, price) values (52, 2, 3, 'Colombian Best - 16oz', 1, 5.78);
insert into sales_order_items (sales_order_item_id, sales_order_id, product_id, name, quantity, price) values (53, 137, 2, 'Onion Bagel', 1, 3.18);
insert into sales_order_items (sales_order_item_id, sales_order_id, product_id, name, quantity, price) values (54, 86, 1, 'Hot Chocolate - Small', 3, 2.15);
insert into sales_order_items (sales_order_item_id, sales_order_id, product_id, name, quantity, price) values (55, 87, 2, 'Banana Nut Bread', 3, 2.75);
insert into sales_order_items (sales_order_item_id, sales_order_id, product_id, name, quantity, price) values (56, 259, 3, 'Juan Valdez Reserve - 12oz', 3, 5.99);
insert into sales_order_items (sales_order_item_id, sales_order_id, product_id, name, quantity, price) values (57, 31, 1, 'Hot Tea - Large', 2, 2.97);
insert into sales_order_items (sales_order_item_id, sales_order_id, product_id, name, quantity, price) values (58, 36, 1, 'Iced Tea - Medium', 2, 3.25);
insert into sales_order_items (sales_order_item_id, sales_order_id, product_id, name, quantity, price) values (59, 132, 1, 'Cafe Mocha - Medium', 1, 4.15);
insert into sales_order_items (sales_order_item_id, sales_order_id, product_id, name, quantity, price) values (60, 225, 1, 'Hot Chocolate - Medium', 2, 2.35);
insert into sales_order_items (sales_order_item_id, sales_order_id, product_id, name, quantity, price) values (61, 262, 1, 'Iced Tea - Small', 3, 2.85);
insert into sales_order_items (sales_order_item_id, sales_order_id, product_id, name, quantity, price) values (62, 90, 1, 'Iced Tea - Small', 1, 2.85);
insert into sales_order_items (sales_order_item_id, sales_order_id, product_id, name, quantity, price) values (63, 93, 2, 'Everything Bagel', 1, 3.24);
insert into sales_order_items (sales_order_item_id, sales_order_id, product_id, name, quantity, price) values (64, 154, 2, 'Glazed Donut', 1, 0.99);
insert into sales_order_items (sales_order_item_id, sales_order_id, product_id, name, quantity, price) values (65, 17, 3, 'Colombian Best - 8oz', 1, 3.24);
insert into sales_order_items (sales_order_item_id, sales_order_id, product_id, name, quantity, price) values (66, 152, 1, 'Hot Chocolate - Large', 1, 2.55);
insert into sales_order_items (sales_order_item_id, sales_order_id, product_id, name, quantity, price) values (67, 167, 2, 'Soup Bowl', 1, 4.53);
insert into sales_order_items (sales_order_item_id, sales_order_id, product_id, name, quantity, price) values (68, 290, 4, 'Colombian Coffee Mug', 1, 8.78);
insert into sales_order_items (sales_order_item_id, sales_order_id, product_id, name, quantity, price) values (69, 217, 2, 'Garden Salad', 3, 8.25);
insert into sales_order_items (sales_order_item_id, sales_order_id, product_id, name, quantity, price) values (70, 296, 1, 'Juan Valdez Reserve Cafe - Medium', 2, 2.15);
insert into sales_order_items (sales_order_item_id, sales_order_id, product_id, name, quantity, price) values (71, 63, 4, 'Colombian Coffee Bottle', 3, 16.47);
insert into sales_order_items (sales_order_item_id, sales_order_id, product_id, name, quantity, price) values (72, 109, 1, 'Iced Tea - Small', 3, 2.85);
insert into sales_order_items (sales_order_item_id, sales_order_id, product_id, name, quantity, price) values (73, 119, 3, 'Colombian Best - 8oz', 3, 3.24);
insert into sales_order_items (sales_order_item_id, sales_order_id, product_id, name, quantity, price) values (74, 126, 2, 'Garden Salad', 1, 8.25);
insert into sales_order_items (sales_order_item_id, sales_order_id, product_id, name, quantity, price) values (75, 177, 1, 'Hot Tea - Small', 1, 1.57);
insert into sales_order_items (sales_order_item_id, sales_order_id, product_id, name, quantity, price) values (76, 168, 1, 'Hot Chocolate - Large', 2, 2.55);
insert into sales_order_items (sales_order_item_id, sales_order_id, product_id, name, quantity, price) values (77, 210, 1, 'Cafe Mocha - Small', 3, 3.45);
insert into sales_order_items (sales_order_item_id, sales_order_id, product_id, name, quantity, price) values (78, 227, 1, 'Iced Tea - Medium', 2, 3.25);
insert into sales_order_items (sales_order_item_id, sales_order_id, product_id, name, quantity, price) values (79, 210, 1, 'Iced Tea - Large', 3, 4.2);
insert into sales_order_items (sales_order_item_id, sales_order_id, product_id, name, quantity, price) values (80, 93, 2, 'Onion Bagel', 1, 3.18);
insert into sales_order_items (sales_order_item_id, sales_order_id, product_id, name, quantity, price) values (81, 6, 2, 'Soup Bowl', 3, 4.53);
insert into sales_order_items (sales_order_item_id, sales_order_id, product_id, name, quantity, price) values (82, 230, 2, 'Bear Claw', 3, 2.99);
insert into sales_order_items (sales_order_item_id, sales_order_id, product_id, name, quantity, price) values (83, 144, 1, 'Hot Chocolate - Medium', 2, 2.35);
insert into sales_order_items (sales_order_item_id, sales_order_id, product_id, name, quantity, price) values (84, 214, 1, 'Iced Tea - Small', 3, 2.85);
insert into sales_order_items (sales_order_item_id, sales_order_id, product_id, name, quantity, price) values (85, 18, 1, 'Juan Valdez Reserve Cafe - Medium', 1, 2.15);
insert into sales_order_items (sales_order_item_id, sales_order_id, product_id, name, quantity, price) values (86, 50, 2, 'Onion Bagel', 2, 3.18);
insert into sales_order_items (sales_order_item_id, sales_order_id, product_id, name, quantity, price) values (87, 32, 1, 'Macchiato - Medium', 2, 3.39);
insert into sales_order_items (sales_order_item_id, sales_order_id, product_id, name, quantity, price) values (88, 276, 1, 'Iced Tea - Small', 1, 2.85);
insert into sales_order_items (sales_order_item_id, sales_order_id, product_id, name, quantity, price) values (89, 279, 1, 'Hot Tea - Medium', 3, 2.48);
insert into sales_order_items (sales_order_item_id, sales_order_id, product_id, name, quantity, price) values (90, 85, 4, 'Colombian Coffee Mug', 2, 8.78);
insert into sales_order_items (sales_order_item_id, sales_order_id, product_id, name, quantity, price) values (91, 176, 1, 'Cafe Mocha - Small', 1, 3.45);
insert into sales_order_items (sales_order_item_id, sales_order_id, product_id, name, quantity, price) values (92, 115, 4, 'Colombian Coffee Mug', 2, 8.78);
insert into sales_order_items (sales_order_item_id, sales_order_id, product_id, name, quantity, price) values (93, 297, 2, 'Onion Bagel', 3, 3.18);
insert into sales_order_items (sales_order_item_id, sales_order_id, product_id, name, quantity, price) values (94, 221, 1, 'Hot Chocolate - Small', 1, 2.15);
insert into sales_order_items (sales_order_item_id, sales_order_id, product_id, name, quantity, price) values (95, 157, 1, 'Hot Chocolate - Small', 2, 2.15);
insert into sales_order_items (sales_order_item_id, sales_order_id, product_id, name, quantity, price) values (96, 137, 2, 'Soup Bowl', 2, 4.53);
insert into sales_order_items (sales_order_item_id, sales_order_id, product_id, name, quantity, price) values (97, 111, 1, 'Hot Chocolate - Small', 3, 2.15);
insert into sales_order_items (sales_order_item_id, sales_order_id, product_id, name, quantity, price) values (98, 237, 1, 'Hot Chocolate - Large', 1, 2.55);
insert into sales_order_items (sales_order_item_id, sales_order_id, product_id, name, quantity, price) values (99, 163, 2, 'Cheese Danish', 2, 2.45);
insert into sales_order_items (sales_order_item_id, sales_order_id, product_id, name, quantity, price) values (100, 278, 1, 'Macchiato - Large', 1, 4.65);
insert into sales_order_items (sales_order_item_id, sales_order_id, product_id, name, quantity, price) values (101, 105, 1, 'Macchiato - Medium', 3, 3.39);
insert into sales_order_items (sales_order_item_id, sales_order_id, product_id, name, quantity, price) values (102, 195, 1, 'Cafe Mocha - Large', 2, 4.65);
insert into sales_order_items (sales_order_item_id, sales_order_id, product_id, name, quantity, price) values (103, 113, 1, 'Cafe Mocha - Small', 3, 3.45);
insert into sales_order_items (sales_order_item_id, sales_order_id, product_id, name, quantity, price) values (104, 261, 2, 'Cheese Danish', 3, 2.45);
insert into sales_order_items (sales_order_item_id, sales_order_id, product_id, name, quantity, price) values (105, 159, 2, 'Bear Claw', 3, 2.99);
insert into sales_order_items (sales_order_item_id, sales_order_id, product_id, name, quantity, price) values (106, 289, 2, 'Everything Bagel', 1, 3.24);
insert into sales_order_items (sales_order_item_id, sales_order_id, product_id, name, quantity, price) values (107, 35, 2, 'Glazed Donut', 2, 0.99);
insert into sales_order_items (sales_order_item_id, sales_order_id, product_id, name, quantity, price) values (108, 258, 1, 'Juan Valdez Reserve Cafe - Large', 1, 2.45);
insert into sales_order_items (sales_order_item_id, sales_order_id, product_id, name, quantity, price) values (109, 276, 1, 'Hot Chocolate - Large', 2, 2.55);
insert into sales_order_items (sales_order_item_id, sales_order_id, product_id, name, quantity, price) values (110, 11, 2, 'Cheese Danish', 1, 2.45);
insert into sales_order_items (sales_order_item_id, sales_order_id, product_id, name, quantity, price) values (111, 16, 1, 'Juan Valdez Reserve Cafe - Large', 3, 2.45);
insert into sales_order_items (sales_order_item_id, sales_order_id, product_id, name, quantity, price) values (112, 34, 2, 'Glazed Donut', 1, 0.99);
insert into sales_order_items (sales_order_item_id, sales_order_id, product_id, name, quantity, price) values (113, 168, 1, 'Hot Tea - Small', 1, 1.57);
insert into sales_order_items (sales_order_item_id, sales_order_id, product_id, name, quantity, price) values (114, 214, 1, 'Cafe Mocha - Medium', 3, 4.15);
insert into sales_order_items (sales_order_item_id, sales_order_id, product_id, name, quantity, price) values (115, 103, 2, 'Butter Croissant', 2, 2.45);
insert into sales_order_items (sales_order_item_id, sales_order_id, product_id, name, quantity, price) values (116, 142, 1, 'Iced Tea - Large', 1, 4.2);
insert into sales_order_items (sales_order_item_id, sales_order_id, product_id, name, quantity, price) values (117, 99, 4, 'Colombian Coffee Mug', 1, 8.78);
insert into sales_order_items (sales_order_item_id, sales_order_id, product_id, name, quantity, price) values (118, 83, 1, 'Macchiato - Large', 1, 4.65);
insert into sales_order_items (sales_order_item_id, sales_order_id, product_id, name, quantity, price) values (119, 100, 2, 'Garden Salad', 3, 8.25);
insert into sales_order_items (sales_order_item_id, sales_order_id, product_id, name, quantity, price) values (120, 39, 2, 'Cheese Danish', 2, 2.45);
insert into sales_order_items (sales_order_item_id, sales_order_id, product_id, name, quantity, price) values (121, 11, 1, 'Iced Tea - Large', 3, 4.2);
insert into sales_order_items (sales_order_item_id, sales_order_id, product_id, name, quantity, price) values (122, 202, 1, 'Cafe Mocha - Medium', 1, 4.15);
insert into sales_order_items (sales_order_item_id, sales_order_id, product_id, name, quantity, price) values (123, 179, 1, 'Macchiato - Large', 1, 4.65);
insert into sales_order_items (sales_order_item_id, sales_order_id, product_id, name, quantity, price) values (124, 197, 2, 'Everything Bagel', 1, 3.24);
insert into sales_order_items (sales_order_item_id, sales_order_id, product_id, name, quantity, price) values (125, 18, 4, 'Colombian Coffee Bottle', 3, 16.47);
insert into sales_order_items (sales_order_item_id, sales_order_id, product_id, name, quantity, price) values (126, 144, 3, 'Juan Valdez Reserve - 12oz', 3, 5.99);
insert into sales_order_items (sales_order_item_id, sales_order_id, product_id, name, quantity, price) values (127, 123, 4, 'Hoodie', 2, 20.28);
insert into sales_order_items (sales_order_item_id, sales_order_id, product_id, name, quantity, price) values (128, 65, 1, 'Hot Chocolate - Large', 2, 2.55);
insert into sales_order_items (sales_order_item_id, sales_order_id, product_id, name, quantity, price) values (129, 214, 4, 'Colombian Coffee Bottle', 2, 16.47);
insert into sales_order_items (sales_order_item_id, sales_order_id, product_id, name, quantity, price) values (130, 247, 2, 'Garden Salad', 3, 8.25);
insert into sales_order_items (sales_order_item_id, sales_order_id, product_id, name, quantity, price) values (131, 209, 1, 'Iced Tea - Large', 3, 4.2);
insert into sales_order_items (sales_order_item_id, sales_order_id, product_id, name, quantity, price) values (132, 22, 1, 'Hot Tea - Large', 3, 2.97);
insert into sales_order_items (sales_order_item_id, sales_order_id, product_id, name, quantity, price) values (133, 280, 3, 'Colombian Best - 16oz', 1, 5.78);
insert into sales_order_items (sales_order_item_id, sales_order_id, product_id, name, quantity, price) values (134, 148, 1, 'Hot Chocolate - Small', 1, 2.15);
insert into sales_order_items (sales_order_item_id, sales_order_id, product_id, name, quantity, price) values (135, 100, 2, 'Everything Bagel', 2, 3.24);
insert into sales_order_items (sales_order_item_id, sales_order_id, product_id, name, quantity, price) values (136, 272, 2, 'Bear Claw', 2, 2.99);
insert into sales_order_items (sales_order_item_id, sales_order_id, product_id, name, quantity, price) values (137, 134, 4, 'Colombian Coffee Bottle', 2, 16.47);
insert into sales_order_items (sales_order_item_id, sales_order_id, product_id, name, quantity, price) values (138, 259, 1, 'Hot Chocolate - Medium', 3, 2.35);
insert into sales_order_items (sales_order_item_id, sales_order_id, product_id, name, quantity, price) values (139, 261, 1, 'Hot Tea - Medium', 2, 2.48);
insert into sales_order_items (sales_order_item_id, sales_order_id, product_id, name, quantity, price) values (140, 263, 1, 'Cafe Mocha - Large', 2, 4.65);
insert into sales_order_items (sales_order_item_id, sales_order_id, product_id, name, quantity, price) values (141, 122, 1, 'Iced Tea - Medium', 3, 3.25);
insert into sales_order_items (sales_order_item_id, sales_order_id, product_id, name, quantity, price) values (142, 87, 1, 'Hot Chocolate - Large', 2, 2.55);
insert into sales_order_items (sales_order_item_id, sales_order_id, product_id, name, quantity, price) values (143, 295, 1, 'Hot Tea - Large', 3, 2.97);
insert into sales_order_items (sales_order_item_id, sales_order_id, product_id, name, quantity, price) values (144, 1, 1, 'Iced Tea - Large', 2, 4.2);
insert into sales_order_items (sales_order_item_id, sales_order_id, product_id, name, quantity, price) values (145, 271, 2, 'Soup Bowl', 2, 4.53);
insert into sales_order_items (sales_order_item_id, sales_order_id, product_id, name, quantity, price) values (146, 16, 1, 'Hot Chocolate - Medium', 1, 2.35);
insert into sales_order_items (sales_order_item_id, sales_order_id, product_id, name, quantity, price) values (147, 100, 1, 'Iced Tea - Large', 2, 4.2);
insert into sales_order_items (sales_order_item_id, sales_order_id, product_id, name, quantity, price) values (148, 235, 1, 'Hot Tea - Medium', 1, 2.48);
insert into sales_order_items (sales_order_item_id, sales_order_id, product_id, name, quantity, price) values (149, 47, 2, 'Onion Bagel', 1, 3.18);
insert into sales_order_items (sales_order_item_id, sales_order_id, product_id, name, quantity, price) values (150, 165, 1, 'Hot Tea - Large', 1, 2.97);
insert into sales_order_items (sales_order_item_id, sales_order_id, product_id, name, quantity, price) values (151, 289, 2, 'Glazed Donut', 2, 0.99);
insert into sales_order_items (sales_order_item_id, sales_order_id, product_id, name, quantity, price) values (152, 140, 4, 'Hoodie', 1, 20.28);
insert into sales_order_items (sales_order_item_id, sales_order_id, product_id, name, quantity, price) values (153, 179, 3, 'Juan Valdez Reserve - 8oz', 1, 3.98);
insert into sales_order_items (sales_order_item_id, sales_order_id, product_id, name, quantity, price) values (154, 267, 1, 'Juan Valdez Reserve Cafe - Medium', 2, 2.15);
insert into sales_order_items (sales_order_item_id, sales_order_id, product_id, name, quantity, price) values (155, 127, 2, 'Raisin Bagel', 3, 3.18);
insert into sales_order_items (sales_order_item_id, sales_order_id, product_id, name, quantity, price) values (156, 134, 1, 'Hot Tea - Large', 1, 2.97);
insert into sales_order_items (sales_order_item_id, sales_order_id, product_id, name, quantity, price) values (157, 250, 4, 'Colombian Coffee Bottle', 2, 16.47);
insert into sales_order_items (sales_order_item_id, sales_order_id, product_id, name, quantity, price) values (158, 31, 3, 'Colombian Best - 16oz', 2, 5.78);
insert into sales_order_items (sales_order_item_id, sales_order_id, product_id, name, quantity, price) values (159, 159, 2, 'Garden Salad', 1, 8.25);
insert into sales_order_items (sales_order_item_id, sales_order_id, product_id, name, quantity, price) values (160, 137, 1, 'Iced Tea - Small', 3, 2.85);
insert into sales_order_items (sales_order_item_id, sales_order_id, product_id, name, quantity, price) values (161, 42, 1, 'Hot Tea - Small', 3, 1.57);
insert into sales_order_items (sales_order_item_id, sales_order_id, product_id, name, quantity, price) values (162, 87, 3, 'Colombian Best - 16oz', 3, 5.78);
insert into sales_order_items (sales_order_item_id, sales_order_id, product_id, name, quantity, price) values (163, 94, 1, 'Hot Tea - Large', 1, 2.97);
insert into sales_order_items (sales_order_item_id, sales_order_id, product_id, name, quantity, price) values (164, 88, 4, 'Colombian Coffee Mug', 1, 8.78);
insert into sales_order_items (sales_order_item_id, sales_order_id, product_id, name, quantity, price) values (165, 93, 1, 'Iced Tea - Large', 3, 4.2);
insert into sales_order_items (sales_order_item_id, sales_order_id, product_id, name, quantity, price) values (166, 19, 3, 'Colombian Best - 16oz', 3, 5.78);
insert into sales_order_items (sales_order_item_id, sales_order_id, product_id, name, quantity, price) values (167, 39, 1, 'Juan Valdez Reserve Cafe - Medium', 2, 2.15);
insert into sales_order_items (sales_order_item_id, sales_order_id, product_id, name, quantity, price) values (168, 275, 3, 'Juan Valdez Reserve - 8oz', 2, 3.98);
insert into sales_order_items (sales_order_item_id, sales_order_id, product_id, name, quantity, price) values (169, 47, 2, 'Raisin Bagel', 2, 3.18);
insert into sales_order_items (sales_order_item_id, sales_order_id, product_id, name, quantity, price) values (170, 203, 1, 'Iced Tea - Large', 2, 4.2);
insert into sales_order_items (sales_order_item_id, sales_order_id, product_id, name, quantity, price) values (171, 181, 1, 'Hot Tea - Large', 1, 2.97);
insert into sales_order_items (sales_order_item_id, sales_order_id, product_id, name, quantity, price) values (172, 266, 1, 'Hot Chocolate - Small', 3, 2.15);
insert into sales_order_items (sales_order_item_id, sales_order_id, product_id, name, quantity, price) values (173, 47, 4, 'Colombian Coffee Mug', 3, 8.78);
insert into sales_order_items (sales_order_item_id, sales_order_id, product_id, name, quantity, price) values (174, 100, 1, 'Hot Tea - Large', 3, 2.97);
insert into sales_order_items (sales_order_item_id, sales_order_id, product_id, name, quantity, price) values (175, 175, 1, 'Hot Tea - Small', 3, 1.57);
insert into sales_order_items (sales_order_item_id, sales_order_id, product_id, name, quantity, price) values (176, 47, 1, 'Juan Valdez Reserve Cafe - Medium', 1, 2.15);
insert into sales_order_items (sales_order_item_id, sales_order_id, product_id, name, quantity, price) values (177, 159, 2, 'Soup Bowl', 3, 4.53);
insert into sales_order_items (sales_order_item_id, sales_order_id, product_id, name, quantity, price) values (178, 61, 3, 'Colombian Best - 8oz', 2, 3.24);
insert into sales_order_items (sales_order_item_id, sales_order_id, product_id, name, quantity, price) values (179, 187, 2, 'Banana Nut Bread', 2, 2.75);
insert into sales_order_items (sales_order_item_id, sales_order_id, product_id, name, quantity, price) values (180, 96, 1, 'Juan Valdez Reserve Cafe - Medium', 3, 2.15);
insert into sales_order_items (sales_order_item_id, sales_order_id, product_id, name, quantity, price) values (181, 211, 1, 'Cafe Mocha - Large', 1, 4.65);
insert into sales_order_items (sales_order_item_id, sales_order_id, product_id, name, quantity, price) values (182, 165, 1, 'Hot Chocolate - Medium', 2, 2.35);
insert into sales_order_items (sales_order_item_id, sales_order_id, product_id, name, quantity, price) values (183, 255, 3, 'Colombian Best - 8oz', 2, 3.24);
insert into sales_order_items (sales_order_item_id, sales_order_id, product_id, name, quantity, price) values (184, 187, 4, 'Hoodie', 1, 20.28);
insert into sales_order_items (sales_order_item_id, sales_order_id, product_id, name, quantity, price) values (185, 247, 3, 'Juan Valdez Reserve - 8oz', 1, 3.98);
insert into sales_order_items (sales_order_item_id, sales_order_id, product_id, name, quantity, price) values (186, 13, 2, 'Everything Bagel', 1, 3.24);
insert into sales_order_items (sales_order_item_id, sales_order_id, product_id, name, quantity, price) values (187, 155, 1, 'Cafe Mocha - Small', 1, 3.45);
insert into sales_order_items (sales_order_item_id, sales_order_id, product_id, name, quantity, price) values (188, 265, 1, 'Juan Valdez Reserve Cafe - Large', 3, 2.45);
insert into sales_order_items (sales_order_item_id, sales_order_id, product_id, name, quantity, price) values (189, 102, 3, 'Juan Valdez Reserve - 12oz', 1, 5.99);
insert into sales_order_items (sales_order_item_id, sales_order_id, product_id, name, quantity, price) values (190, 283, 2, 'Onion Bagel', 3, 3.18);
insert into sales_order_items (sales_order_item_id, sales_order_id, product_id, name, quantity, price) values (191, 47, 2, 'Soup Bowl', 3, 4.53);
insert into sales_order_items (sales_order_item_id, sales_order_id, product_id, name, quantity, price) values (192, 233, 2, 'Glazed Donut', 1, 0.99);
insert into sales_order_items (sales_order_item_id, sales_order_id, product_id, name, quantity, price) values (193, 67, 2, 'Everything Bagel', 3, 3.24);
insert into sales_order_items (sales_order_item_id, sales_order_id, product_id, name, quantity, price) values (194, 280, 1, 'Hot Tea - Medium', 3, 2.48);
insert into sales_order_items (sales_order_item_id, sales_order_id, product_id, name, quantity, price) values (195, 157, 2, 'Garden Salad', 2, 8.25);
insert into sales_order_items (sales_order_item_id, sales_order_id, product_id, name, quantity, price) values (196, 148, 3, 'Juan Valdez Reserve - 12oz', 3, 5.99);
insert into sales_order_items (sales_order_item_id, sales_order_id, product_id, name, quantity, price) values (197, 70, 1, 'Iced Tea - Medium', 1, 3.25);
insert into sales_order_items (sales_order_item_id, sales_order_id, product_id, name, quantity, price) values (198, 114, 1, 'Hot Tea - Medium', 3, 2.48);
insert into sales_order_items (sales_order_item_id, sales_order_id, product_id, name, quantity, price) values (199, 16, 2, 'Raisin Bagel', 2, 3.18);
insert into sales_order_items (sales_order_item_id, sales_order_id, product_id, name, quantity, price) values (200, 196, 1, 'Hot Tea - Large', 1, 2.97);
insert into sales_order_items (sales_order_item_id, sales_order_id, product_id, name, quantity, price) values (201, 186, 1, 'Hot Tea - Large', 3, 2.97);
insert into sales_order_items (sales_order_item_id, sales_order_id, product_id, name, quantity, price) values (202, 94, 1, 'Cafe Mocha - Large', 2, 4.65);
insert into sales_order_items (sales_order_item_id, sales_order_id, product_id, name, quantity, price) values (203, 245, 2, 'Raisin Bagel', 1, 3.18);
insert into sales_order_items (sales_order_item_id, sales_order_id, product_id, name, quantity, price) values (204, 179, 2, 'Bear Claw', 1, 2.99);
insert into sales_order_items (sales_order_item_id, sales_order_id, product_id, name, quantity, price) values (205, 178, 1, 'Hot Tea - Small', 3, 1.57);
insert into sales_order_items (sales_order_item_id, sales_order_id, product_id, name, quantity, price) values (206, 257, 1, 'Macchiato - Medium', 1, 3.39);
insert into sales_order_items (sales_order_item_id, sales_order_id, product_id, name, quantity, price) values (207, 31, 1, 'Hot Tea - Medium', 3, 2.48);
insert into sales_order_items (sales_order_item_id, sales_order_id, product_id, name, quantity, price) values (208, 209, 4, 'Colombian Coffee Mug', 1, 8.78);
insert into sales_order_items (sales_order_item_id, sales_order_id, product_id, name, quantity, price) values (209, 96, 1, 'Juan Valdez Reserve Cafe - Large', 2, 2.45);
insert into sales_order_items (sales_order_item_id, sales_order_id, product_id, name, quantity, price) values (210, 214, 1, 'Cafe Mocha - Large', 2, 4.65);
insert into sales_order_items (sales_order_item_id, sales_order_id, product_id, name, quantity, price) values (211, 121, 1, 'Cafe Mocha - Medium', 2, 4.15);
insert into sales_order_items (sales_order_item_id, sales_order_id, product_id, name, quantity, price) values (212, 101, 1, 'Hot Tea - Small', 2, 1.57);
insert into sales_order_items (sales_order_item_id, sales_order_id, product_id, name, quantity, price) values (213, 267, 2, 'Banana Nut Bread', 1, 2.75);
insert into sales_order_items (sales_order_item_id, sales_order_id, product_id, name, quantity, price) values (214, 219, 2, 'Garden Salad', 1, 8.25);
insert into sales_order_items (sales_order_item_id, sales_order_id, product_id, name, quantity, price) values (215, 257, 4, 'Colombian Coffee Bottle', 1, 16.47);
insert into sales_order_items (sales_order_item_id, sales_order_id, product_id, name, quantity, price) values (216, 239, 1, 'Juan Valdez Reserve Cafe - Large', 1, 2.45);
insert into sales_order_items (sales_order_item_id, sales_order_id, product_id, name, quantity, price) values (217, 150, 1, 'Cafe Mocha - Medium', 3, 4.15);
insert into sales_order_items (sales_order_item_id, sales_order_id, product_id, name, quantity, price) values (218, 71, 2, 'Garden Salad', 3, 8.25);
insert into sales_order_items (sales_order_item_id, sales_order_id, product_id, name, quantity, price) values (219, 71, 1, 'Iced Tea - Medium', 3, 3.25);
insert into sales_order_items (sales_order_item_id, sales_order_id, product_id, name, quantity, price) values (220, 146, 1, 'Cafe Mocha - Large', 1, 4.65);
insert into sales_order_items (sales_order_item_id, sales_order_id, product_id, name, quantity, price) values (221, 77, 1, 'Hot Chocolate - Medium', 2, 2.35);
insert into sales_order_items (sales_order_item_id, sales_order_id, product_id, name, quantity, price) values (222, 64, 3, 'Juan Valdez Reserve - 12oz', 3, 5.99);
insert into sales_order_items (sales_order_item_id, sales_order_id, product_id, name, quantity, price) values (223, 51, 1, 'Hot Chocolate - Small', 2, 2.15);
insert into sales_order_items (sales_order_item_id, sales_order_id, product_id, name, quantity, price) values (224, 185, 1, 'Hot Chocolate - Small', 2, 2.15);
insert into sales_order_items (sales_order_item_id, sales_order_id, product_id, name, quantity, price) values (225, 266, 1, 'Juan Valdez Reserve Cafe - Medium', 3, 2.15);
insert into sales_order_items (sales_order_item_id, sales_order_id, product_id, name, quantity, price) values (226, 9, 1, 'Iced Tea - Small', 3, 2.85);
insert into sales_order_items (sales_order_item_id, sales_order_id, product_id, name, quantity, price) values (227, 136, 3, 'Juan Valdez Reserve - 12oz', 2, 5.99);
insert into sales_order_items (sales_order_item_id, sales_order_id, product_id, name, quantity, price) values (228, 190, 2, 'Bear Claw', 1, 2.99);
insert into sales_order_items (sales_order_item_id, sales_order_id, product_id, name, quantity, price) values (229, 98, 4, 'Colombian Coffee Bottle', 3, 16.47);
insert into sales_order_items (sales_order_item_id, sales_order_id, product_id, name, quantity, price) values (230, 116, 2, 'Glazed Donut', 3, 0.99);
insert into sales_order_items (sales_order_item_id, sales_order_id, product_id, name, quantity, price) values (231, 173, 1, 'Iced Tea - Medium', 1, 3.25);
insert into sales_order_items (sales_order_item_id, sales_order_id, product_id, name, quantity, price) values (232, 37, 3, 'Colombian Best - 16oz', 3, 5.78);
insert into sales_order_items (sales_order_item_id, sales_order_id, product_id, name, quantity, price) values (233, 260, 1, 'Hot Chocolate - Medium', 3, 2.35);
insert into sales_order_items (sales_order_item_id, sales_order_id, product_id, name, quantity, price) values (234, 33, 1, 'Juan Valdez Reserve Cafe - Large', 1, 2.45);
insert into sales_order_items (sales_order_item_id, sales_order_id, product_id, name, quantity, price) values (235, 243, 1, 'Cafe Mocha - Medium', 3, 4.15);
insert into sales_order_items (sales_order_item_id, sales_order_id, product_id, name, quantity, price) values (236, 199, 3, 'Colombian Best - 8oz', 1, 3.24);
insert into sales_order_items (sales_order_item_id, sales_order_id, product_id, name, quantity, price) values (237, 173, 1, 'Hot Tea - Large', 1, 2.97);
insert into sales_order_items (sales_order_item_id, sales_order_id, product_id, name, quantity, price) values (238, 225, 1, 'Iced Tea - Large', 2, 4.2);
insert into sales_order_items (sales_order_item_id, sales_order_id, product_id, name, quantity, price) values (239, 168, 1, 'Macchiato - Large', 1, 4.65);
insert into sales_order_items (sales_order_item_id, sales_order_id, product_id, name, quantity, price) values (240, 225, 2, 'Raisin Bagel', 3, 3.18);
insert into sales_order_items (sales_order_item_id, sales_order_id, product_id, name, quantity, price) values (241, 105, 2, 'Garden Salad', 3, 8.25);
insert into sales_order_items (sales_order_item_id, sales_order_id, product_id, name, quantity, price) values (242, 234, 4, 'Hoodie', 3, 20.28);
insert into sales_order_items (sales_order_item_id, sales_order_id, product_id, name, quantity, price) values (243, 51, 1, 'Cafe Mocha - Small', 2, 3.45);
insert into sales_order_items (sales_order_item_id, sales_order_id, product_id, name, quantity, price) values (244, 98, 2, 'Everything Bagel', 3, 3.24);
insert into sales_order_items (sales_order_item_id, sales_order_id, product_id, name, quantity, price) values (245, 226, 1, 'Cafe Mocha - Medium', 1, 4.15);
insert into sales_order_items (sales_order_item_id, sales_order_id, product_id, name, quantity, price) values (246, 269, 2, 'Onion Bagel', 3, 3.18);
insert into sales_order_items (sales_order_item_id, sales_order_id, product_id, name, quantity, price) values (247, 56, 2, 'Butter Croissant', 3, 2.45);
insert into sales_order_items (sales_order_item_id, sales_order_id, product_id, name, quantity, price) values (248, 71, 1, 'Cafe Mocha - Large', 2, 4.65);
insert into sales_order_items (sales_order_item_id, sales_order_id, product_id, name, quantity, price) values (249, 215, 3, 'Colombian Best - 16oz', 3, 5.78);
insert into sales_order_items (sales_order_item_id, sales_order_id, product_id, name, quantity, price) values (250, 129, 2, 'Onion Bagel', 1, 3.18);
insert into sales_order_items (sales_order_item_id, sales_order_id, product_id, name, quantity, price) values (251, 272, 2, 'Raisin Bagel', 1, 3.18);
insert into sales_order_items (sales_order_item_id, sales_order_id, product_id, name, quantity, price) values (252, 48, 1, 'Cafe Mocha - Medium', 1, 4.15);
insert into sales_order_items (sales_order_item_id, sales_order_id, product_id, name, quantity, price) values (253, 246, 1, 'Macchiato - Large', 2, 4.65);
insert into sales_order_items (sales_order_item_id, sales_order_id, product_id, name, quantity, price) values (254, 240, 1, 'Cafe Mocha - Small', 1, 3.45);
insert into sales_order_items (sales_order_item_id, sales_order_id, product_id, name, quantity, price) values (255, 78, 1, 'Hot Tea - Small', 1, 1.57);
insert into sales_order_items (sales_order_item_id, sales_order_id, product_id, name, quantity, price) values (256, 174, 3, 'Juan Valdez Reserve - 8oz', 1, 3.98);
insert into sales_order_items (sales_order_item_id, sales_order_id, product_id, name, quantity, price) values (257, 98, 3, 'Colombian Best - 8oz', 3, 3.24);
insert into sales_order_items (sales_order_item_id, sales_order_id, product_id, name, quantity, price) values (258, 121, 2, 'Everything Bagel', 2, 3.24);
insert into sales_order_items (sales_order_item_id, sales_order_id, product_id, name, quantity, price) values (259, 59, 1, 'Iced Tea - Medium', 1, 3.25);
insert into sales_order_items (sales_order_item_id, sales_order_id, product_id, name, quantity, price) values (260, 104, 1, 'Macchiato - Large', 1, 4.65);
insert into sales_order_items (sales_order_item_id, sales_order_id, product_id, name, quantity, price) values (261, 44, 1, 'Juan Valdez Reserve Cafe - Medium', 2, 2.15);
insert into sales_order_items (sales_order_item_id, sales_order_id, product_id, name, quantity, price) values (262, 127, 2, 'Cheese Danish', 1, 2.45);
insert into sales_order_items (sales_order_item_id, sales_order_id, product_id, name, quantity, price) values (263, 262, 1, 'Cafe Mocha - Large', 3, 4.65);
insert into sales_order_items (sales_order_item_id, sales_order_id, product_id, name, quantity, price) values (264, 297, 1, 'Hot Chocolate - Medium', 1, 2.35);
insert into sales_order_items (sales_order_item_id, sales_order_id, product_id, name, quantity, price) values (265, 82, 1, 'Hot Tea - Large', 1, 2.97);
insert into sales_order_items (sales_order_item_id, sales_order_id, product_id, name, quantity, price) values (266, 266, 4, 'Colombian Coffee Bottle', 3, 16.47);
insert into sales_order_items (sales_order_item_id, sales_order_id, product_id, name, quantity, price) values (267, 203, 3, 'Colombian Best - 8oz', 1, 3.24);
insert into sales_order_items (sales_order_item_id, sales_order_id, product_id, name, quantity, price) values (268, 52, 1, 'Cafe Mocha - Large', 1, 4.65);
insert into sales_order_items (sales_order_item_id, sales_order_id, product_id, name, quantity, price) values (269, 240, 1, 'Hot Tea - Small', 1, 1.57);
insert into sales_order_items (sales_order_item_id, sales_order_id, product_id, name, quantity, price) values (270, 50, 1, 'Macchiato - Small', 1, 2.89);
insert into sales_order_items (sales_order_item_id, sales_order_id, product_id, name, quantity, price) values (271, 80, 3, 'Colombian Best - 16oz', 3, 5.78);
insert into sales_order_items (sales_order_item_id, sales_order_id, product_id, name, quantity, price) values (272, 183, 1, 'Macchiato - Large', 3, 4.65);
insert into sales_order_items (sales_order_item_id, sales_order_id, product_id, name, quantity, price) values (273, 95, 2, 'Garden Salad', 2, 8.25);
insert into sales_order_items (sales_order_item_id, sales_order_id, product_id, name, quantity, price) values (274, 30, 1, 'Iced Tea - Large', 1, 4.2);
insert into sales_order_items (sales_order_item_id, sales_order_id, product_id, name, quantity, price) values (275, 254, 3, 'Colombian Best - 16oz', 3, 5.78);
insert into sales_order_items (sales_order_item_id, sales_order_id, product_id, name, quantity, price) values (276, 261, 4, 'Colombian Coffee Mug', 3, 8.78);
insert into sales_order_items (sales_order_item_id, sales_order_id, product_id, name, quantity, price) values (277, 196, 4, 'Hoodie', 2, 20.28);
insert into sales_order_items (sales_order_item_id, sales_order_id, product_id, name, quantity, price) values (278, 94, 1, 'Hot Chocolate - Medium', 3, 2.35);
insert into sales_order_items (sales_order_item_id, sales_order_id, product_id, name, quantity, price) values (279, 217, 3, 'Juan Valdez Reserve - 8oz', 2, 3.98);
insert into sales_order_items (sales_order_item_id, sales_order_id, product_id, name, quantity, price) values (280, 138, 2, 'Cheese Danish', 2, 2.45);
insert into sales_order_items (sales_order_item_id, sales_order_id, product_id, name, quantity, price) values (281, 16, 2, 'Banana Nut Bread', 1, 2.75);
insert into sales_order_items (sales_order_item_id, sales_order_id, product_id, name, quantity, price) values (282, 134, 1, 'Cafe Mocha - Medium', 1, 4.15);
insert into sales_order_items (sales_order_item_id, sales_order_id, product_id, name, quantity, price) values (283, 90, 2, 'Soup Bowl', 3, 4.53);
insert into sales_order_items (sales_order_item_id, sales_order_id, product_id, name, quantity, price) values (284, 6, 1, 'Iced Tea - Large', 1, 4.2);
insert into sales_order_items (sales_order_item_id, sales_order_id, product_id, name, quantity, price) values (285, 169, 1, 'Macchiato - Small', 2, 2.89);
insert into sales_order_items (sales_order_item_id, sales_order_id, product_id, name, quantity, price) values (286, 83, 1, 'Iced Tea - Small', 1, 2.85);
insert into sales_order_items (sales_order_item_id, sales_order_id, product_id, name, quantity, price) values (287, 18, 3, 'Colombian Best - 16oz', 3, 5.78);
insert into sales_order_items (sales_order_item_id, sales_order_id, product_id, name, quantity, price) values (288, 113, 2, 'Cheese Danish', 2, 2.45);
insert into sales_order_items (sales_order_item_id, sales_order_id, product_id, name, quantity, price) values (289, 71, 1, 'Cafe Mocha - Small', 1, 3.45);
insert into sales_order_items (sales_order_item_id, sales_order_id, product_id, name, quantity, price) values (290, 109, 1, 'Hot Tea - Medium', 1, 2.48);
insert into sales_order_items (sales_order_item_id, sales_order_id, product_id, name, quantity, price) values (291, 205, 2, 'Bear Claw', 3, 2.99);
insert into sales_order_items (sales_order_item_id, sales_order_id, product_id, name, quantity, price) values (292, 200, 2, 'Raisin Bagel', 2, 3.18);
insert into sales_order_items (sales_order_item_id, sales_order_id, product_id, name, quantity, price) values (293, 70, 4, 'Colombian Coffee Bottle', 3, 16.47);
insert into sales_order_items (sales_order_item_id, sales_order_id, product_id, name, quantity, price) values (294, 98, 2, 'Garden Salad', 3, 8.25);
insert into sales_order_items (sales_order_item_id, sales_order_id, product_id, name, quantity, price) values (295, 2, 3, 'Juan Valdez Reserve - 12oz', 2, 5.99);
insert into sales_order_items (sales_order_item_id, sales_order_id, product_id, name, quantity, price) values (296, 20, 3, 'Juan Valdez Reserve - 8oz', 1, 3.98);
insert into sales_order_items (sales_order_item_id, sales_order_id, product_id, name, quantity, price) values (297, 267, 2, 'Everything Bagel', 2, 3.24);
insert into sales_order_items (sales_order_item_id, sales_order_id, product_id, name, quantity, price) values (298, 237, 1, 'Iced Tea - Small', 1, 2.85);
insert into sales_order_items (sales_order_item_id, sales_order_id, product_id, name, quantity, price) values (299, 148, 2, 'Glazed Donut', 2, 0.99);
insert into sales_order_items (sales_order_item_id, sales_order_id, product_id, name, quantity, price) values (300, 270, 3, 'Colombian Best - 8oz', 1, 3.24);
insert into sales_order_items (sales_order_item_id, sales_order_id, product_id, name, quantity, price) values (301, 2, 2, 'Butter Croissant', 1, 2.45);
insert into sales_order_items (sales_order_item_id, sales_order_id, product_id, name, quantity, price) values (302, 239, 2, 'Onion Bagel', 2, 3.18);
insert into sales_order_items (sales_order_item_id, sales_order_id, product_id, name, quantity, price) values (303, 152, 2, 'Banana Nut Bread', 2, 2.75);
insert into sales_order_items (sales_order_item_id, sales_order_id, product_id, name, quantity, price) values (304, 132, 1, 'Cafe Mocha - Medium', 1, 4.15);
insert into sales_order_items (sales_order_item_id, sales_order_id, product_id, name, quantity, price) values (305, 178, 1, 'Juan Valdez Reserve Cafe - Large', 1, 2.45);
insert into sales_order_items (sales_order_item_id, sales_order_id, product_id, name, quantity, price) values (306, 138, 3, 'Colombian Best - 16oz', 3, 5.78);
insert into sales_order_items (sales_order_item_id, sales_order_id, product_id, name, quantity, price) values (307, 198, 4, 'Colombian Coffee Bottle', 1, 16.47);
insert into sales_order_items (sales_order_item_id, sales_order_id, product_id, name, quantity, price) values (308, 26, 1, 'Juan Valdez Reserve Cafe - Large', 2, 2.45);
insert into sales_order_items (sales_order_item_id, sales_order_id, product_id, name, quantity, price) values (309, 24, 1, 'Hot Chocolate - Small', 1, 2.15);
insert into sales_order_items (sales_order_item_id, sales_order_id, product_id, name, quantity, price) values (310, 107, 1, 'Hot Chocolate - Small', 3, 2.15);
insert into sales_order_items (sales_order_item_id, sales_order_id, product_id, name, quantity, price) values (311, 84, 4, 'Colombian Coffee Bottle', 3, 16.47);
insert into sales_order_items (sales_order_item_id, sales_order_id, product_id, name, quantity, price) values (312, 151, 2, 'Onion Bagel', 2, 3.18);
insert into sales_order_items (sales_order_item_id, sales_order_id, product_id, name, quantity, price) values (313, 108, 2, 'Butter Croissant', 1, 2.45);
insert into sales_order_items (sales_order_item_id, sales_order_id, product_id, name, quantity, price) values (314, 156, 1, 'Iced Tea - Large', 1, 4.2);
insert into sales_order_items (sales_order_item_id, sales_order_id, product_id, name, quantity, price) values (315, 124, 1, 'Iced Tea - Small', 2, 2.85);
insert into sales_order_items (sales_order_item_id, sales_order_id, product_id, name, quantity, price) values (316, 257, 2, 'Butter Croissant', 3, 2.45);
insert into sales_order_items (sales_order_item_id, sales_order_id, product_id, name, quantity, price) values (317, 91, 2, 'Butter Croissant', 3, 2.45);
insert into sales_order_items (sales_order_item_id, sales_order_id, product_id, name, quantity, price) values (318, 176, 2, 'Soup Bowl', 3, 4.53);
insert into sales_order_items (sales_order_item_id, sales_order_id, product_id, name, quantity, price) values (319, 53, 4, 'Colombian Coffee Bottle', 2, 16.47);
insert into sales_order_items (sales_order_item_id, sales_order_id, product_id, name, quantity, price) values (320, 117, 1, 'Macchiato - Medium', 3, 3.39);
insert into sales_order_items (sales_order_item_id, sales_order_id, product_id, name, quantity, price) values (321, 238, 1, 'Cafe Mocha - Large', 1, 4.65);
insert into sales_order_items (sales_order_item_id, sales_order_id, product_id, name, quantity, price) values (322, 181, 1, 'Hot Tea - Small', 2, 1.57);
insert into sales_order_items (sales_order_item_id, sales_order_id, product_id, name, quantity, price) values (323, 202, 1, 'Hot Tea - Small', 2, 1.57);
insert into sales_order_items (sales_order_item_id, sales_order_id, product_id, name, quantity, price) values (324, 214, 1, 'Iced Tea - Large', 1, 4.2);
insert into sales_order_items (sales_order_item_id, sales_order_id, product_id, name, quantity, price) values (325, 91, 1, 'Juan Valdez Reserve Cafe - Large', 2, 2.45);
insert into sales_order_items (sales_order_item_id, sales_order_id, product_id, name, quantity, price) values (326, 80, 4, 'Colombian Coffee Bottle', 3, 16.47);
insert into sales_order_items (sales_order_item_id, sales_order_id, product_id, name, quantity, price) values (327, 272, 3, 'Juan Valdez Reserve - 12oz', 1, 5.99);
insert into sales_order_items (sales_order_item_id, sales_order_id, product_id, name, quantity, price) values (328, 240, 2, 'Bear Claw', 3, 2.99);
insert into sales_order_items (sales_order_item_id, sales_order_id, product_id, name, quantity, price) values (329, 182, 3, 'Juan Valdez Reserve - 8oz', 2, 3.98);
insert into sales_order_items (sales_order_item_id, sales_order_id, product_id, name, quantity, price) values (330, 71, 2, 'Bear Claw', 2, 2.99);
insert into sales_order_items (sales_order_item_id, sales_order_id, product_id, name, quantity, price) values (331, 117, 1, 'Macchiato - Small', 1, 2.89);
insert into sales_order_items (sales_order_item_id, sales_order_id, product_id, name, quantity, price) values (332, 96, 4, 'Colombian Coffee Mug', 1, 8.78);
insert into sales_order_items (sales_order_item_id, sales_order_id, product_id, name, quantity, price) values (333, 181, 3, 'Colombian Best - 8oz', 1, 3.24);
insert into sales_order_items (sales_order_item_id, sales_order_id, product_id, name, quantity, price) values (334, 101, 1, 'Hot Chocolate - Small', 1, 2.15);
insert into sales_order_items (sales_order_item_id, sales_order_id, product_id, name, quantity, price) values (335, 170, 2, 'Soup Bowl', 1, 4.53);
insert into sales_order_items (sales_order_item_id, sales_order_id, product_id, name, quantity, price) values (336, 14, 1, 'Hot Chocolate - Large', 1, 2.55);
insert into sales_order_items (sales_order_item_id, sales_order_id, product_id, name, quantity, price) values (337, 27, 3, 'Colombian Best - 16oz', 2, 5.78);
insert into sales_order_items (sales_order_item_id, sales_order_id, product_id, name, quantity, price) values (338, 213, 2, 'Glazed Donut', 1, 0.99);
insert into sales_order_items (sales_order_item_id, sales_order_id, product_id, name, quantity, price) values (339, 279, 1, 'Hot Tea - Large', 3, 2.97);
insert into sales_order_items (sales_order_item_id, sales_order_id, product_id, name, quantity, price) values (340, 175, 3, 'Colombian Best - 8oz', 1, 3.24);
insert into sales_order_items (sales_order_item_id, sales_order_id, product_id, name, quantity, price) values (341, 168, 3, 'Colombian Best - 8oz', 1, 3.24);
insert into sales_order_items (sales_order_item_id, sales_order_id, product_id, name, quantity, price) values (342, 70, 1, 'Hot Chocolate - Large', 2, 2.55);
insert into sales_order_items (sales_order_item_id, sales_order_id, product_id, name, quantity, price) values (343, 75, 3, 'Colombian Best - 16oz', 1, 5.78);
insert into sales_order_items (sales_order_item_id, sales_order_id, product_id, name, quantity, price) values (344, 244, 3, 'Juan Valdez Reserve - 8oz', 2, 3.98);
insert into sales_order_items (sales_order_item_id, sales_order_id, product_id, name, quantity, price) values (345, 207, 2, 'Butter Croissant', 1, 2.45);
insert into sales_order_items (sales_order_item_id, sales_order_id, product_id, name, quantity, price) values (346, 111, 3, 'Colombian Best - 16oz', 1, 5.78);
insert into sales_order_items (sales_order_item_id, sales_order_id, product_id, name, quantity, price) values (347, 121, 3, 'Juan Valdez Reserve - 8oz', 3, 3.98);
insert into sales_order_items (sales_order_item_id, sales_order_id, product_id, name, quantity, price) values (348, 8, 3, 'Juan Valdez Reserve - 12oz', 2, 5.99);
insert into sales_order_items (sales_order_item_id, sales_order_id, product_id, name, quantity, price) values (349, 190, 1, 'Macchiato - Small', 3, 2.89);
insert into sales_order_items (sales_order_item_id, sales_order_id, product_id, name, quantity, price) values (350, 41, 2, 'Bear Claw', 3, 2.99);
insert into sales_order_items (sales_order_item_id, sales_order_id, product_id, name, quantity, price) values (351, 169, 4, 'Colombian Coffee Mug', 2, 8.78);
insert into sales_order_items (sales_order_item_id, sales_order_id, product_id, name, quantity, price) values (352, 187, 1, 'Iced Tea - Large', 3, 4.2);
insert into sales_order_items (sales_order_item_id, sales_order_id, product_id, name, quantity, price) values (353, 278, 3, 'Colombian Best - 16oz', 2, 5.78);
insert into sales_order_items (sales_order_item_id, sales_order_id, product_id, name, quantity, price) values (354, 205, 1, 'Macchiato - Large', 1, 4.65);
insert into sales_order_items (sales_order_item_id, sales_order_id, product_id, name, quantity, price) values (355, 139, 3, 'Juan Valdez Reserve - 8oz', 1, 3.98);
insert into sales_order_items (sales_order_item_id, sales_order_id, product_id, name, quantity, price) values (356, 205, 1, 'Cafe Mocha - Large', 1, 4.65);
insert into sales_order_items (sales_order_item_id, sales_order_id, product_id, name, quantity, price) values (357, 138, 2, 'Onion Bagel', 2, 3.18);
insert into sales_order_items (sales_order_item_id, sales_order_id, product_id, name, quantity, price) values (358, 50, 3, 'Colombian Best - 16oz', 3, 5.78);
insert into sales_order_items (sales_order_item_id, sales_order_id, product_id, name, quantity, price) values (359, 203, 2, 'Raisin Bagel', 2, 3.18);
insert into sales_order_items (sales_order_item_id, sales_order_id, product_id, name, quantity, price) values (360, 222, 1, 'Cafe Mocha - Medium', 1, 4.15);
insert into sales_order_items (sales_order_item_id, sales_order_id, product_id, name, quantity, price) values (361, 241, 1, 'Cafe Mocha - Large', 3, 4.65);
insert into sales_order_items (sales_order_item_id, sales_order_id, product_id, name, quantity, price) values (362, 281, 1, 'Hot Chocolate - Large', 2, 2.55);
insert into sales_order_items (sales_order_item_id, sales_order_id, product_id, name, quantity, price) values (363, 286, 2, 'Butter Croissant', 3, 2.45);
insert into sales_order_items (sales_order_item_id, sales_order_id, product_id, name, quantity, price) values (364, 128, 3, 'Colombian Best - 8oz', 1, 3.24);
insert into sales_order_items (sales_order_item_id, sales_order_id, product_id, name, quantity, price) values (365, 61, 4, 'Hoodie', 1, 20.28);
insert into sales_order_items (sales_order_item_id, sales_order_id, product_id, name, quantity, price) values (366, 37, 3, 'Colombian Best - 16oz', 3, 5.78);
insert into sales_order_items (sales_order_item_id, sales_order_id, product_id, name, quantity, price) values (367, 215, 1, 'Cafe Mocha - Medium', 1, 4.15);
insert into sales_order_items (sales_order_item_id, sales_order_id, product_id, name, quantity, price) values (368, 157, 2, 'Onion Bagel', 1, 3.18);
insert into sales_order_items (sales_order_item_id, sales_order_id, product_id, name, quantity, price) values (369, 69, 1, 'Iced Tea - Large', 2, 4.2);
insert into sales_order_items (sales_order_item_id, sales_order_id, product_id, name, quantity, price) values (370, 1, 1, 'Hot Chocolate - Large', 1, 2.55);
insert into sales_order_items (sales_order_item_id, sales_order_id, product_id, name, quantity, price) values (371, 170, 1, 'Cafe Mocha - Large', 2, 4.65);
insert into sales_order_items (sales_order_item_id, sales_order_id, product_id, name, quantity, price) values (372, 67, 2, 'Garden Salad', 3, 8.25);
insert into sales_order_items (sales_order_item_id, sales_order_id, product_id, name, quantity, price) values (373, 243, 1, 'Macchiato - Medium', 1, 3.39);
insert into sales_order_items (sales_order_item_id, sales_order_id, product_id, name, quantity, price) values (374, 71, 2, 'Onion Bagel', 2, 3.18);
insert into sales_order_items (sales_order_item_id, sales_order_id, product_id, name, quantity, price) values (375, 107, 1, 'Hot Tea - Medium', 2, 2.48);
insert into sales_order_items (sales_order_item_id, sales_order_id, product_id, name, quantity, price) values (376, 174, 1, 'Macchiato - Small', 1, 2.89);
insert into sales_order_items (sales_order_item_id, sales_order_id, product_id, name, quantity, price) values (377, 28, 1, 'Macchiato - Medium', 1, 3.39);
insert into sales_order_items (sales_order_item_id, sales_order_id, product_id, name, quantity, price) values (378, 135, 2, 'Bear Claw', 3, 2.99);
insert into sales_order_items (sales_order_item_id, sales_order_id, product_id, name, quantity, price) values (379, 281, 1, 'Hot Tea - Medium', 2, 2.48);
insert into sales_order_items (sales_order_item_id, sales_order_id, product_id, name, quantity, price) values (380, 47, 1, 'Cafe Mocha - Small', 3, 3.45);
insert into sales_order_items (sales_order_item_id, sales_order_id, product_id, name, quantity, price) values (381, 179, 2, 'Onion Bagel', 3, 3.18);
insert into sales_order_items (sales_order_item_id, sales_order_id, product_id, name, quantity, price) values (382, 147, 1, 'Macchiato - Small', 3, 2.89);
insert into sales_order_items (sales_order_item_id, sales_order_id, product_id, name, quantity, price) values (383, 66, 2, 'Everything Bagel', 2, 3.24);
insert into sales_order_items (sales_order_item_id, sales_order_id, product_id, name, quantity, price) values (384, 56, 1, 'Juan Valdez Reserve Cafe - Medium', 1, 2.15);
insert into sales_order_items (sales_order_item_id, sales_order_id, product_id, name, quantity, price) values (385, 40, 1, 'Hot Chocolate - Medium', 3, 2.35);
insert into sales_order_items (sales_order_item_id, sales_order_id, product_id, name, quantity, price) values (386, 263, 1, 'Hot Tea - Small', 2, 1.57);
insert into sales_order_items (sales_order_item_id, sales_order_id, product_id, name, quantity, price) values (387, 221, 1, 'Hot Tea - Large', 1, 2.97);
insert into sales_order_items (sales_order_item_id, sales_order_id, product_id, name, quantity, price) values (388, 75, 1, 'Hot Chocolate - Large', 1, 2.55);
insert into sales_order_items (sales_order_item_id, sales_order_id, product_id, name, quantity, price) values (389, 121, 2, 'Garden Salad', 2, 8.25);
insert into sales_order_items (sales_order_item_id, sales_order_id, product_id, name, quantity, price) values (390, 56, 4, 'Hoodie', 1, 20.28);
insert into sales_order_items (sales_order_item_id, sales_order_id, product_id, name, quantity, price) values (391, 96, 3, 'Juan Valdez Reserve - 8oz', 1, 3.98);
insert into sales_order_items (sales_order_item_id, sales_order_id, product_id, name, quantity, price) values (392, 200, 2, 'Banana Nut Bread', 2, 2.75);
insert into sales_order_items (sales_order_item_id, sales_order_id, product_id, name, quantity, price) values (393, 72, 1, 'Hot Chocolate - Medium', 3, 2.35);
insert into sales_order_items (sales_order_item_id, sales_order_id, product_id, name, quantity, price) values (394, 48, 4, 'Colombian Coffee Bottle', 1, 16.47);
insert into sales_order_items (sales_order_item_id, sales_order_id, product_id, name, quantity, price) values (395, 86, 1, 'Hot Tea - Medium', 2, 2.48);
insert into sales_order_items (sales_order_item_id, sales_order_id, product_id, name, quantity, price) values (396, 67, 1, 'Iced Tea - Medium', 1, 3.25);
insert into sales_order_items (sales_order_item_id, sales_order_id, product_id, name, quantity, price) values (397, 49, 1, 'Hot Chocolate - Small', 2, 2.15);
insert into sales_order_items (sales_order_item_id, sales_order_id, product_id, name, quantity, price) values (398, 110, 2, 'Everything Bagel', 2, 3.24);
insert into sales_order_items (sales_order_item_id, sales_order_id, product_id, name, quantity, price) values (399, 29, 4, 'Colombian Coffee Bottle', 1, 16.47);
insert into sales_order_items (sales_order_item_id, sales_order_id, product_id, name, quantity, price) values (400, 59, 4, 'Colombian Coffee Mug', 2, 8.78);
insert into sales_order_items (sales_order_item_id, sales_order_id, product_id, name, quantity, price) values (401, 101, 1, 'Hot Tea - Medium', 3, 2.48);
insert into sales_order_items (sales_order_item_id, sales_order_id, product_id, name, quantity, price) values (402, 171, 2, 'Onion Bagel', 2, 3.18);
insert into sales_order_items (sales_order_item_id, sales_order_id, product_id, name, quantity, price) values (403, 172, 1, 'Cafe Mocha - Large', 3, 4.65);
insert into sales_order_items (sales_order_item_id, sales_order_id, product_id, name, quantity, price) values (404, 82, 1, 'Iced Tea - Medium', 3, 3.25);
insert into sales_order_items (sales_order_item_id, sales_order_id, product_id, name, quantity, price) values (405, 46, 2, 'Bear Claw', 1, 2.99);
insert into sales_order_items (sales_order_item_id, sales_order_id, product_id, name, quantity, price) values (406, 21, 4, 'Colombian Coffee Mug', 3, 8.78);
insert into sales_order_items (sales_order_item_id, sales_order_id, product_id, name, quantity, price) values (407, 288, 2, 'Glazed Donut', 3, 0.99);
insert into sales_order_items (sales_order_item_id, sales_order_id, product_id, name, quantity, price) values (408, 171, 1, 'Macchiato - Large', 2, 4.65);
insert into sales_order_items (sales_order_item_id, sales_order_id, product_id, name, quantity, price) values (409, 42, 2, 'Soup Bowl', 3, 4.53);
insert into sales_order_items (sales_order_item_id, sales_order_id, product_id, name, quantity, price) values (410, 78, 1, 'Hot Chocolate - Medium', 3, 2.35);
insert into sales_order_items (sales_order_item_id, sales_order_id, product_id, name, quantity, price) values (411, 109, 1, 'Iced Tea - Small', 2, 2.85);
insert into sales_order_items (sales_order_item_id, sales_order_id, product_id, name, quantity, price) values (412, 267, 3, 'Colombian Best - 8oz', 1, 3.24);
insert into sales_order_items (sales_order_item_id, sales_order_id, product_id, name, quantity, price) values (413, 239, 2, 'Soup Bowl', 3, 4.53);
insert into sales_order_items (sales_order_item_id, sales_order_id, product_id, name, quantity, price) values (414, 63, 4, 'Colombian Coffee Mug', 1, 8.78);
insert into sales_order_items (sales_order_item_id, sales_order_id, product_id, name, quantity, price) values (415, 190, 1, 'Iced Tea - Medium', 1, 3.25);
insert into sales_order_items (sales_order_item_id, sales_order_id, product_id, name, quantity, price) values (416, 120, 1, 'Juan Valdez Reserve Cafe - Medium', 1, 2.15);
insert into sales_order_items (sales_order_item_id, sales_order_id, product_id, name, quantity, price) values (417, 145, 4, 'Hoodie', 1, 20.28);
insert into sales_order_items (sales_order_item_id, sales_order_id, product_id, name, quantity, price) values (418, 160, 3, 'Colombian Best - 16oz', 1, 5.78);
insert into sales_order_items (sales_order_item_id, sales_order_id, product_id, name, quantity, price) values (419, 24, 2, 'Glazed Donut', 1, 0.99);
insert into sales_order_items (sales_order_item_id, sales_order_id, product_id, name, quantity, price) values (420, 115, 2, 'Everything Bagel', 3, 3.24);
insert into sales_order_items (sales_order_item_id, sales_order_id, product_id, name, quantity, price) values (421, 187, 2, 'Glazed Donut', 3, 0.99);
insert into sales_order_items (sales_order_item_id, sales_order_id, product_id, name, quantity, price) values (422, 243, 2, 'Banana Nut Bread', 3, 2.75);
insert into sales_order_items (sales_order_item_id, sales_order_id, product_id, name, quantity, price) values (423, 54, 1, 'Iced Tea - Medium', 2, 3.25);
insert into sales_order_items (sales_order_item_id, sales_order_id, product_id, name, quantity, price) values (424, 157, 1, 'Hot Tea - Small', 2, 1.57);
insert into sales_order_items (sales_order_item_id, sales_order_id, product_id, name, quantity, price) values (425, 22, 1, 'Macchiato - Large', 3, 4.65);
insert into sales_order_items (sales_order_item_id, sales_order_id, product_id, name, quantity, price) values (426, 176, 3, 'Colombian Best - 16oz', 3, 5.78);
insert into sales_order_items (sales_order_item_id, sales_order_id, product_id, name, quantity, price) values (427, 7, 1, 'Hot Tea - Large', 2, 2.97);
insert into sales_order_items (sales_order_item_id, sales_order_id, product_id, name, quantity, price) values (428, 168, 1, 'Juan Valdez Reserve Cafe - Medium', 1, 2.15);
insert into sales_order_items (sales_order_item_id, sales_order_id, product_id, name, quantity, price) values (429, 114, 4, 'Colombian Coffee Bottle', 2, 16.47);
insert into sales_order_items (sales_order_item_id, sales_order_id, product_id, name, quantity, price) values (430, 261, 2, 'Glazed Donut', 2, 0.99);
insert into sales_order_items (sales_order_item_id, sales_order_id, product_id, name, quantity, price) values (431, 2, 1, 'Hot Tea - Small', 3, 1.57);
insert into sales_order_items (sales_order_item_id, sales_order_id, product_id, name, quantity, price) values (432, 247, 2, 'Everything Bagel', 1, 3.24);
insert into sales_order_items (sales_order_item_id, sales_order_id, product_id, name, quantity, price) values (433, 237, 1, 'Macchiato - Medium', 1, 3.39);
insert into sales_order_items (sales_order_item_id, sales_order_id, product_id, name, quantity, price) values (434, 82, 1, 'Cafe Mocha - Large', 3, 4.65);
insert into sales_order_items (sales_order_item_id, sales_order_id, product_id, name, quantity, price) values (435, 244, 2, 'Banana Nut Bread', 1, 2.75);
insert into sales_order_items (sales_order_item_id, sales_order_id, product_id, name, quantity, price) values (436, 243, 1, 'Macchiato - Large', 2, 4.65);
insert into sales_order_items (sales_order_item_id, sales_order_id, product_id, name, quantity, price) values (437, 104, 1, 'Iced Tea - Small', 3, 2.85);
insert into sales_order_items (sales_order_item_id, sales_order_id, product_id, name, quantity, price) values (438, 123, 3, 'Colombian Best - 16oz', 3, 5.78);
insert into sales_order_items (sales_order_item_id, sales_order_id, product_id, name, quantity, price) values (439, 145, 2, 'Glazed Donut', 3, 0.99);
insert into sales_order_items (sales_order_item_id, sales_order_id, product_id, name, quantity, price) values (440, 273, 1, 'Hot Chocolate - Small', 3, 2.15);
insert into sales_order_items (sales_order_item_id, sales_order_id, product_id, name, quantity, price) values (441, 71, 2, 'Garden Salad', 1, 8.25);
insert into sales_order_items (sales_order_item_id, sales_order_id, product_id, name, quantity, price) values (442, 13, 2, 'Butter Croissant', 3, 2.45);
insert into sales_order_items (sales_order_item_id, sales_order_id, product_id, name, quantity, price) values (443, 137, 1, 'Hot Tea - Large', 2, 2.97);
insert into sales_order_items (sales_order_item_id, sales_order_id, product_id, name, quantity, price) values (444, 126, 4, 'Hoodie', 3, 20.28);
insert into sales_order_items (sales_order_item_id, sales_order_id, product_id, name, quantity, price) values (445, 234, 1, 'Hot Tea - Large', 3, 2.97);
insert into sales_order_items (sales_order_item_id, sales_order_id, product_id, name, quantity, price) values (446, 57, 1, 'Cafe Mocha - Small', 2, 3.45);
insert into sales_order_items (sales_order_item_id, sales_order_id, product_id, name, quantity, price) values (447, 10, 2, 'Cheese Danish', 2, 2.45);
insert into sales_order_items (sales_order_item_id, sales_order_id, product_id, name, quantity, price) values (448, 282, 1, 'Hot Tea - Small', 1, 1.57);
insert into sales_order_items (sales_order_item_id, sales_order_id, product_id, name, quantity, price) values (449, 125, 1, 'Hot Chocolate - Large', 1, 2.55);
insert into sales_order_items (sales_order_item_id, sales_order_id, product_id, name, quantity, price) values (450, 177, 4, 'Hoodie', 2, 20.28);
insert into sales_order_items (sales_order_item_id, sales_order_id, product_id, name, quantity, price) values (451, 185, 1, 'Iced Tea - Large', 1, 4.2);
insert into sales_order_items (sales_order_item_id, sales_order_id, product_id, name, quantity, price) values (452, 117, 1, 'Cafe Mocha - Small', 2, 3.45);
insert into sales_order_items (sales_order_item_id, sales_order_id, product_id, name, quantity, price) values (453, 238, 1, 'Iced Tea - Small', 1, 2.85);
insert into sales_order_items (sales_order_item_id, sales_order_id, product_id, name, quantity, price) values (454, 299, 2, 'Everything Bagel', 3, 3.24);
insert into sales_order_items (sales_order_item_id, sales_order_id, product_id, name, quantity, price) values (455, 129, 1, 'Juan Valdez Reserve Cafe - Large', 3, 2.45);
insert into sales_order_items (sales_order_item_id, sales_order_id, product_id, name, quantity, price) values (456, 164, 2, 'Glazed Donut', 3, 0.99);
insert into sales_order_items (sales_order_item_id, sales_order_id, product_id, name, quantity, price) values (457, 176, 1, 'Juan Valdez Reserve Cafe - Large', 2, 2.45);
insert into sales_order_items (sales_order_item_id, sales_order_id, product_id, name, quantity, price) values (458, 134, 1, 'Hot Chocolate - Large', 3, 2.55);
insert into sales_order_items (sales_order_item_id, sales_order_id, product_id, name, quantity, price) values (459, 31, 3, 'Colombian Best - 8oz', 2, 3.24);
insert into sales_order_items (sales_order_item_id, sales_order_id, product_id, name, quantity, price) values (460, 162, 1, 'Iced Tea - Small', 2, 2.85);
insert into sales_order_items (sales_order_item_id, sales_order_id, product_id, name, quantity, price) values (461, 124, 1, 'Hot Chocolate - Large', 3, 2.55);
insert into sales_order_items (sales_order_item_id, sales_order_id, product_id, name, quantity, price) values (462, 90, 1, 'Hot Tea - Small', 1, 1.57);
insert into sales_order_items (sales_order_item_id, sales_order_id, product_id, name, quantity, price) values (463, 279, 1, 'Iced Tea - Small', 3, 2.85);
insert into sales_order_items (sales_order_item_id, sales_order_id, product_id, name, quantity, price) values (464, 46, 2, 'Onion Bagel', 1, 3.18);
insert into sales_order_items (sales_order_item_id, sales_order_id, product_id, name, quantity, price) values (465, 80, 1, 'Cafe Mocha - Small', 1, 3.45);
insert into sales_order_items (sales_order_item_id, sales_order_id, product_id, name, quantity, price) values (466, 148, 2, 'Cheese Danish', 3, 2.45);
insert into sales_order_items (sales_order_item_id, sales_order_id, product_id, name, quantity, price) values (467, 88, 3, 'Colombian Best - 8oz', 1, 3.24);
insert into sales_order_items (sales_order_item_id, sales_order_id, product_id, name, quantity, price) values (468, 20, 3, 'Colombian Best - 8oz', 2, 3.24);
insert into sales_order_items (sales_order_item_id, sales_order_id, product_id, name, quantity, price) values (469, 16, 2, 'Raisin Bagel', 2, 3.18);
insert into sales_order_items (sales_order_item_id, sales_order_id, product_id, name, quantity, price) values (470, 167, 4, 'Colombian Coffee Mug', 3, 8.78);
insert into sales_order_items (sales_order_item_id, sales_order_id, product_id, name, quantity, price) values (471, 268, 2, 'Glazed Donut', 1, 0.99);
insert into sales_order_items (sales_order_item_id, sales_order_id, product_id, name, quantity, price) values (472, 255, 3, 'Colombian Best - 16oz', 2, 5.78);
insert into sales_order_items (sales_order_item_id, sales_order_id, product_id, name, quantity, price) values (473, 229, 1, 'Macchiato - Large', 2, 4.65);
insert into sales_order_items (sales_order_item_id, sales_order_id, product_id, name, quantity, price) values (474, 198, 1, 'Hot Tea - Medium', 2, 2.48);
insert into sales_order_items (sales_order_item_id, sales_order_id, product_id, name, quantity, price) values (475, 165, 2, 'Soup Bowl', 3, 4.53);
insert into sales_order_items (sales_order_item_id, sales_order_id, product_id, name, quantity, price) values (476, 297, 1, 'Hot Tea - Large', 1, 2.97);
insert into sales_order_items (sales_order_item_id, sales_order_id, product_id, name, quantity, price) values (477, 292, 2, 'Banana Nut Bread', 1, 2.75);
insert into sales_order_items (sales_order_item_id, sales_order_id, product_id, name, quantity, price) values (478, 289, 2, 'Cheese Danish', 3, 2.45);
insert into sales_order_items (sales_order_item_id, sales_order_id, product_id, name, quantity, price) values (479, 291, 2, 'Glazed Donut', 3, 0.99);
insert into sales_order_items (sales_order_item_id, sales_order_id, product_id, name, quantity, price) values (480, 61, 1, 'Hot Chocolate - Small', 1, 2.15);
insert into sales_order_items (sales_order_item_id, sales_order_id, product_id, name, quantity, price) values (481, 123, 1, 'Iced Tea - Small', 1, 2.85);
insert into sales_order_items (sales_order_item_id, sales_order_id, product_id, name, quantity, price) values (482, 219, 1, 'Hot Chocolate - Large', 3, 2.55);
insert into sales_order_items (sales_order_item_id, sales_order_id, product_id, name, quantity, price) values (483, 105, 2, 'Garden Salad', 2, 8.25);
insert into sales_order_items (sales_order_item_id, sales_order_id, product_id, name, quantity, price) values (484, 135, 1, 'Cafe Mocha - Medium', 2, 4.15);
insert into sales_order_items (sales_order_item_id, sales_order_id, product_id, name, quantity, price) values (485, 150, 1, 'Macchiato - Medium', 1, 3.39);
insert into sales_order_items (sales_order_item_id, sales_order_id, product_id, name, quantity, price) values (486, 102, 2, 'Garden Salad', 2, 8.25);
insert into sales_order_items (sales_order_item_id, sales_order_id, product_id, name, quantity, price) values (487, 120, 4, 'Hoodie', 1, 20.28);
insert into sales_order_items (sales_order_item_id, sales_order_id, product_id, name, quantity, price) values (488, 241, 1, 'Macchiato - Large', 1, 4.65);
insert into sales_order_items (sales_order_item_id, sales_order_id, product_id, name, quantity, price) values (489, 86, 1, 'Juan Valdez Reserve Cafe - Medium', 2, 2.15);
insert into sales_order_items (sales_order_item_id, sales_order_id, product_id, name, quantity, price) values (490, 44, 3, 'Colombian Best - 16oz', 1, 5.78);
insert into sales_order_items (sales_order_item_id, sales_order_id, product_id, name, quantity, price) values (491, 87, 2, 'Soup Bowl', 1, 4.53);
insert into sales_order_items (sales_order_item_id, sales_order_id, product_id, name, quantity, price) values (492, 260, 4, 'Hoodie', 1, 20.28);
insert into sales_order_items (sales_order_item_id, sales_order_id, product_id, name, quantity, price) values (493, 102, 2, 'Banana Nut Bread', 1, 2.75);
insert into sales_order_items (sales_order_item_id, sales_order_id, product_id, name, quantity, price) values (494, 269, 1, 'Cafe Mocha - Medium', 1, 4.15);
insert into sales_order_items (sales_order_item_id, sales_order_id, product_id, name, quantity, price) values (495, 152, 1, 'Hot Chocolate - Large', 1, 2.55);
insert into sales_order_items (sales_order_item_id, sales_order_id, product_id, name, quantity, price) values (496, 293, 2, 'Garden Salad', 1, 8.25);
insert into sales_order_items (sales_order_item_id, sales_order_id, product_id, name, quantity, price) values (497, 256, 2, 'Garden Salad', 2, 8.25);
insert into sales_order_items (sales_order_item_id, sales_order_id, product_id, name, quantity, price) values (498, 42, 2, 'Everything Bagel', 1, 3.24);
insert into sales_order_items (sales_order_item_id, sales_order_id, product_id, name, quantity, price) values (499, 201, 4, 'Colombian Coffee Mug', 2, 8.78);
insert into sales_order_items (sales_order_item_id, sales_order_id, product_id, name, quantity, price) values (500, 159, 2, 'Soup Bowl', 3, 4.53);
insert into sales_order_items (sales_order_item_id, sales_order_id, product_id, name, quantity, price) values (501, 167, 1, 'Iced Tea - Large', 1, 4.2);
insert into sales_order_items (sales_order_item_id, sales_order_id, product_id, name, quantity, price) values (502, 219, 2, 'Bear Claw', 2, 2.99);
insert into sales_order_items (sales_order_item_id, sales_order_id, product_id, name, quantity, price) values (503, 196, 1, 'Cafe Mocha - Medium', 2, 4.15);
insert into sales_order_items (sales_order_item_id, sales_order_id, product_id, name, quantity, price) values (504, 221, 1, 'Macchiato - Large', 1, 4.65);
insert into sales_order_items (sales_order_item_id, sales_order_id, product_id, name, quantity, price) values (505, 242, 3, 'Colombian Best - 16oz', 3, 5.78);
insert into sales_order_items (sales_order_item_id, sales_order_id, product_id, name, quantity, price) values (506, 46, 3, 'Juan Valdez Reserve - 8oz', 3, 3.98);
insert into sales_order_items (sales_order_item_id, sales_order_id, product_id, name, quantity, price) values (507, 146, 3, 'Colombian Best - 8oz', 3, 3.24);
insert into sales_order_items (sales_order_item_id, sales_order_id, product_id, name, quantity, price) values (508, 116, 1, 'Hot Chocolate - Medium', 1, 2.35);
insert into sales_order_items (sales_order_item_id, sales_order_id, product_id, name, quantity, price) values (509, 30, 1, 'Iced Tea - Medium', 1, 3.25);
insert into sales_order_items (sales_order_item_id, sales_order_id, product_id, name, quantity, price) values (510, 34, 2, 'Banana Nut Bread', 3, 2.75);
insert into sales_order_items (sales_order_item_id, sales_order_id, product_id, name, quantity, price) values (511, 244, 3, 'Juan Valdez Reserve - 8oz', 3, 3.98);
insert into sales_order_items (sales_order_item_id, sales_order_id, product_id, name, quantity, price) values (512, 166, 1, 'Iced Tea - Medium', 1, 3.25);
insert into sales_order_items (sales_order_item_id, sales_order_id, product_id, name, quantity, price) values (513, 246, 1, 'Macchiato - Small', 3, 2.89);
insert into sales_order_items (sales_order_item_id, sales_order_id, product_id, name, quantity, price) values (514, 189, 2, 'Garden Salad', 2, 8.25);
insert into sales_order_items (sales_order_item_id, sales_order_id, product_id, name, quantity, price) values (515, 126, 2, 'Glazed Donut', 2, 0.99);
insert into sales_order_items (sales_order_item_id, sales_order_id, product_id, name, quantity, price) values (516, 240, 1, 'Hot Tea - Medium', 1, 2.48);
insert into sales_order_items (sales_order_item_id, sales_order_id, product_id, name, quantity, price) values (517, 297, 1, 'Hot Chocolate - Large', 3, 2.55);
insert into sales_order_items (sales_order_item_id, sales_order_id, product_id, name, quantity, price) values (518, 173, 2, 'Glazed Donut', 3, 0.99);
insert into sales_order_items (sales_order_item_id, sales_order_id, product_id, name, quantity, price) values (519, 222, 2, 'Bear Claw', 1, 2.99);
insert into sales_order_items (sales_order_item_id, sales_order_id, product_id, name, quantity, price) values (520, 76, 2, 'Onion Bagel', 1, 3.18);
insert into sales_order_items (sales_order_item_id, sales_order_id, product_id, name, quantity, price) values (521, 148, 4, 'Hoodie', 1, 20.28);
insert into sales_order_items (sales_order_item_id, sales_order_id, product_id, name, quantity, price) values (522, 293, 1, 'Juan Valdez Reserve Cafe - Large', 1, 2.45);
insert into sales_order_items (sales_order_item_id, sales_order_id, product_id, name, quantity, price) values (523, 269, 1, 'Macchiato - Large', 1, 4.65);
insert into sales_order_items (sales_order_item_id, sales_order_id, product_id, name, quantity, price) values (524, 23, 2, 'Bear Claw', 3, 2.99);
insert into sales_order_items (sales_order_item_id, sales_order_id, product_id, name, quantity, price) values (525, 196, 1, 'Iced Tea - Large', 3, 4.2);
insert into sales_order_items (sales_order_item_id, sales_order_id, product_id, name, quantity, price) values (526, 274, 1, 'Juan Valdez Reserve Cafe - Medium', 3, 2.15);
insert into sales_order_items (sales_order_item_id, sales_order_id, product_id, name, quantity, price) values (527, 154, 3, 'Juan Valdez Reserve - 12oz', 2, 5.99);
insert into sales_order_items (sales_order_item_id, sales_order_id, product_id, name, quantity, price) values (528, 32, 1, 'Cafe Mocha - Large', 2, 4.65);
insert into sales_order_items (sales_order_item_id, sales_order_id, product_id, name, quantity, price) values (529, 185, 1, 'Macchiato - Small', 3, 2.89);
insert into sales_order_items (sales_order_item_id, sales_order_id, product_id, name, quantity, price) values (530, 44, 1, 'Hot Chocolate - Large', 1, 2.55);
insert into sales_order_items (sales_order_item_id, sales_order_id, product_id, name, quantity, price) values (531, 48, 3, 'Colombian Best - 8oz', 1, 3.24);
insert into sales_order_items (sales_order_item_id, sales_order_id, product_id, name, quantity, price) values (532, 232, 3, 'Juan Valdez Reserve - 12oz', 1, 5.99);
insert into sales_order_items (sales_order_item_id, sales_order_id, product_id, name, quantity, price) values (533, 281, 1, 'Macchiato - Large', 1, 4.65);
insert into sales_order_items (sales_order_item_id, sales_order_id, product_id, name, quantity, price) values (534, 177, 1, 'Cafe Mocha - Large', 1, 4.65);
insert into sales_order_items (sales_order_item_id, sales_order_id, product_id, name, quantity, price) values (535, 262, 1, 'Cafe Mocha - Large', 3, 4.65);
insert into sales_order_items (sales_order_item_id, sales_order_id, product_id, name, quantity, price) values (536, 136, 2, 'Onion Bagel', 2, 3.18);
insert into sales_order_items (sales_order_item_id, sales_order_id, product_id, name, quantity, price) values (537, 163, 1, 'Hot Chocolate - Medium', 1, 2.35);
insert into sales_order_items (sales_order_item_id, sales_order_id, product_id, name, quantity, price) values (538, 180, 4, 'Colombian Coffee Mug', 2, 8.78);
insert into sales_order_items (sales_order_item_id, sales_order_id, product_id, name, quantity, price) values (539, 158, 1, 'Iced Tea - Medium', 1, 3.25);
insert into sales_order_items (sales_order_item_id, sales_order_id, product_id, name, quantity, price) values (540, 250, 2, 'Banana Nut Bread', 2, 2.75);
insert into sales_order_items (sales_order_item_id, sales_order_id, product_id, name, quantity, price) values (541, 198, 2, 'Garden Salad', 2, 8.25);
insert into sales_order_items (sales_order_item_id, sales_order_id, product_id, name, quantity, price) values (542, 232, 2, 'Bear Claw', 3, 2.99);
insert into sales_order_items (sales_order_item_id, sales_order_id, product_id, name, quantity, price) values (543, 28, 1, 'Juan Valdez Reserve Cafe - Medium', 3, 2.15);
insert into sales_order_items (sales_order_item_id, sales_order_id, product_id, name, quantity, price) values (544, 73, 2, 'Onion Bagel', 2, 3.18);
insert into sales_order_items (sales_order_item_id, sales_order_id, product_id, name, quantity, price) values (545, 175, 1, 'Hot Chocolate - Large', 1, 2.55);
insert into sales_order_items (sales_order_item_id, sales_order_id, product_id, name, quantity, price) values (546, 204, 1, 'Juan Valdez Reserve Cafe - Large', 1, 2.45);
insert into sales_order_items (sales_order_item_id, sales_order_id, product_id, name, quantity, price) values (547, 30, 4, 'Colombian Coffee Mug', 1, 8.78);
insert into sales_order_items (sales_order_item_id, sales_order_id, product_id, name, quantity, price) values (548, 241, 1, 'Hot Tea - Large', 1, 2.97);
insert into sales_order_items (sales_order_item_id, sales_order_id, product_id, name, quantity, price) values (549, 229, 1, 'Macchiato - Large', 1, 4.65);
insert into sales_order_items (sales_order_item_id, sales_order_id, product_id, name, quantity, price) values (550, 237, 4, 'Hoodie', 1, 20.28);
insert into sales_order_items (sales_order_item_id, sales_order_id, product_id, name, quantity, price) values (551, 178, 4, 'Hoodie', 1, 20.28);
insert into sales_order_items (sales_order_item_id, sales_order_id, product_id, name, quantity, price) values (552, 67, 3, 'Colombian Best - 8oz', 3, 3.24);
insert into sales_order_items (sales_order_item_id, sales_order_id, product_id, name, quantity, price) values (553, 92, 3, 'Juan Valdez Reserve - 12oz', 3, 5.99);
insert into sales_order_items (sales_order_item_id, sales_order_id, product_id, name, quantity, price) values (554, 272, 2, 'Raisin Bagel', 3, 3.18);
insert into sales_order_items (sales_order_item_id, sales_order_id, product_id, name, quantity, price) values (555, 133, 1, 'Hot Tea - Medium', 3, 2.48);
insert into sales_order_items (sales_order_item_id, sales_order_id, product_id, name, quantity, price) values (556, 143, 2, 'Glazed Donut', 1, 0.99);
insert into sales_order_items (sales_order_item_id, sales_order_id, product_id, name, quantity, price) values (557, 256, 3, 'Juan Valdez Reserve - 12oz', 3, 5.99);
insert into sales_order_items (sales_order_item_id, sales_order_id, product_id, name, quantity, price) values (558, 55, 1, 'Cafe Mocha - Medium', 1, 4.15);
insert into sales_order_items (sales_order_item_id, sales_order_id, product_id, name, quantity, price) values (559, 28, 2, 'Raisin Bagel', 2, 3.18);
insert into sales_order_items (sales_order_item_id, sales_order_id, product_id, name, quantity, price) values (560, 166, 2, 'Glazed Donut', 3, 0.99);
insert into sales_order_items (sales_order_item_id, sales_order_id, product_id, name, quantity, price) values (561, 179, 2, 'Everything Bagel', 3, 3.24);
insert into sales_order_items (sales_order_item_id, sales_order_id, product_id, name, quantity, price) values (562, 130, 1, 'Hot Tea - Large', 2, 2.97);
insert into sales_order_items (sales_order_item_id, sales_order_id, product_id, name, quantity, price) values (563, 97, 2, 'Glazed Donut', 2, 0.99);
insert into sales_order_items (sales_order_item_id, sales_order_id, product_id, name, quantity, price) values (564, 106, 1, 'Iced Tea - Large', 3, 4.2);
insert into sales_order_items (sales_order_item_id, sales_order_id, product_id, name, quantity, price) values (565, 226, 3, 'Colombian Best - 8oz', 2, 3.24);
insert into sales_order_items (sales_order_item_id, sales_order_id, product_id, name, quantity, price) values (566, 182, 1, 'Cafe Mocha - Medium', 2, 4.15);
insert into sales_order_items (sales_order_item_id, sales_order_id, product_id, name, quantity, price) values (567, 239, 1, 'Hot Tea - Large', 3, 2.97);
insert into sales_order_items (sales_order_item_id, sales_order_id, product_id, name, quantity, price) values (568, 4, 3, 'Juan Valdez Reserve - 12oz', 3, 5.99);
insert into sales_order_items (sales_order_item_id, sales_order_id, product_id, name, quantity, price) values (569, 273, 1, 'Cafe Mocha - Large', 3, 4.65);
insert into sales_order_items (sales_order_item_id, sales_order_id, product_id, name, quantity, price) values (570, 137, 4, 'Colombian Coffee Bottle', 2, 16.47);
insert into sales_order_items (sales_order_item_id, sales_order_id, product_id, name, quantity, price) values (571, 139, 3, 'Colombian Best - 16oz', 1, 5.78);
insert into sales_order_items (sales_order_item_id, sales_order_id, product_id, name, quantity, price) values (572, 240, 2, 'Soup Bowl', 2, 4.53);
insert into sales_order_items (sales_order_item_id, sales_order_id, product_id, name, quantity, price) values (573, 279, 1, 'Iced Tea - Small', 2, 2.85);
insert into sales_order_items (sales_order_item_id, sales_order_id, product_id, name, quantity, price) values (574, 8, 2, 'Glazed Donut', 2, 0.99);
insert into sales_order_items (sales_order_item_id, sales_order_id, product_id, name, quantity, price) values (575, 37, 1, 'Juan Valdez Reserve Cafe - Large', 3, 2.45);
insert into sales_order_items (sales_order_item_id, sales_order_id, product_id, name, quantity, price) values (576, 171, 1, 'Hot Chocolate - Small', 3, 2.15);
insert into sales_order_items (sales_order_item_id, sales_order_id, product_id, name, quantity, price) values (577, 57, 1, 'Iced Tea - Large', 2, 4.2);
insert into sales_order_items (sales_order_item_id, sales_order_id, product_id, name, quantity, price) values (578, 187, 1, 'Hot Tea - Medium', 3, 2.48);
insert into sales_order_items (sales_order_item_id, sales_order_id, product_id, name, quantity, price) values (579, 192, 1, 'Macchiato - Medium', 1, 3.39);
insert into sales_order_items (sales_order_item_id, sales_order_id, product_id, name, quantity, price) values (580, 38, 2, 'Glazed Donut', 3, 0.99);
insert into sales_order_items (sales_order_item_id, sales_order_id, product_id, name, quantity, price) values (581, 262, 1, 'Iced Tea - Small', 3, 2.85);
insert into sales_order_items (sales_order_item_id, sales_order_id, product_id, name, quantity, price) values (582, 276, 2, 'Onion Bagel', 1, 3.18);
insert into sales_order_items (sales_order_item_id, sales_order_id, product_id, name, quantity, price) values (583, 230, 1, 'Hot Tea - Large', 1, 2.97);
insert into sales_order_items (sales_order_item_id, sales_order_id, product_id, name, quantity, price) values (584, 106, 1, 'Macchiato - Medium', 3, 3.39);
insert into sales_order_items (sales_order_item_id, sales_order_id, product_id, name, quantity, price) values (585, 246, 1, 'Cafe Mocha - Small', 1, 3.45);
insert into sales_order_items (sales_order_item_id, sales_order_id, product_id, name, quantity, price) values (586, 213, 1, 'Hot Chocolate - Large', 1, 2.55);
insert into sales_order_items (sales_order_item_id, sales_order_id, product_id, name, quantity, price) values (587, 229, 3, 'Colombian Best - 16oz', 3, 5.78);
insert into sales_order_items (sales_order_item_id, sales_order_id, product_id, name, quantity, price) values (588, 82, 1, 'Hot Tea - Medium', 1, 2.48);
insert into sales_order_items (sales_order_item_id, sales_order_id, product_id, name, quantity, price) values (589, 158, 1, 'Hot Tea - Large', 3, 2.97);
insert into sales_order_items (sales_order_item_id, sales_order_id, product_id, name, quantity, price) values (590, 121, 1, 'Hot Tea - Large', 2, 2.97);
insert into sales_order_items (sales_order_item_id, sales_order_id, product_id, name, quantity, price) values (591, 279, 2, 'Garden Salad', 1, 8.25);
insert into sales_order_items (sales_order_item_id, sales_order_id, product_id, name, quantity, price) values (592, 150, 4, 'Colombian Coffee Mug', 2, 8.78);
insert into sales_order_items (sales_order_item_id, sales_order_id, product_id, name, quantity, price) values (593, 42, 3, 'Juan Valdez Reserve - 12oz', 2, 5.99);
insert into sales_order_items (sales_order_item_id, sales_order_id, product_id, name, quantity, price) values (594, 36, 1, 'Cafe Mocha - Medium', 1, 4.15);
insert into sales_order_items (sales_order_item_id, sales_order_id, product_id, name, quantity, price) values (595, 120, 3, 'Juan Valdez Reserve - 8oz', 3, 3.98);
insert into sales_order_items (sales_order_item_id, sales_order_id, product_id, name, quantity, price) values (596, 54, 1, 'Cafe Mocha - Small', 2, 3.45);
insert into sales_order_items (sales_order_item_id, sales_order_id, product_id, name, quantity, price) values (597, 165, 2, 'Garden Salad', 3, 8.25);
insert into sales_order_items (sales_order_item_id, sales_order_id, product_id, name, quantity, price) values (598, 22, 2, 'Garden Salad', 3, 8.25);
insert into sales_order_items (sales_order_item_id, sales_order_id, product_id, name, quantity, price) values (599, 18, 2, 'Onion Bagel', 1, 3.18);
insert into sales_order_items (sales_order_item_id, sales_order_id, product_id, name, quantity, price) values (600, 85, 4, 'Colombian Coffee Mug', 2, 8.78);
insert into sales_order_items (sales_order_item_id, sales_order_id, product_id, name, quantity, price) values (601, 87, 1, 'Hot Tea - Large', 2, 2.97);
insert into sales_order_items (sales_order_item_id, sales_order_id, product_id, name, quantity, price) values (602, 281, 2, 'Butter Croissant', 2, 2.45);
insert into sales_order_items (sales_order_item_id, sales_order_id, product_id, name, quantity, price) values (603, 147, 2, 'Bear Claw', 1, 2.99);
insert into sales_order_items (sales_order_item_id, sales_order_id, product_id, name, quantity, price) values (604, 137, 3, 'Colombian Best - 8oz', 1, 3.24);
insert into sales_order_items (sales_order_item_id, sales_order_id, product_id, name, quantity, price) values (605, 90, 2, 'Everything Bagel', 1, 3.24);
insert into sales_order_items (sales_order_item_id, sales_order_id, product_id, name, quantity, price) values (606, 3, 1, 'Hot Chocolate - Large', 3, 2.55);
insert into sales_order_items (sales_order_item_id, sales_order_id, product_id, name, quantity, price) values (607, 265, 1, 'Cafe Mocha - Large', 2, 4.65);
insert into sales_order_items (sales_order_item_id, sales_order_id, product_id, name, quantity, price) values (608, 272, 1, 'Hot Chocolate - Medium', 3, 2.35);
insert into sales_order_items (sales_order_item_id, sales_order_id, product_id, name, quantity, price) values (609, 66, 1, 'Iced Tea - Large', 1, 4.2);
insert into sales_order_items (sales_order_item_id, sales_order_id, product_id, name, quantity, price) values (610, 78, 2, 'Banana Nut Bread', 3, 2.75);
insert into sales_order_items (sales_order_item_id, sales_order_id, product_id, name, quantity, price) values (611, 155, 1, 'Iced Tea - Small', 3, 2.85);
insert into sales_order_items (sales_order_item_id, sales_order_id, product_id, name, quantity, price) values (612, 218, 1, 'Cafe Mocha - Large', 2, 4.65);
insert into sales_order_items (sales_order_item_id, sales_order_id, product_id, name, quantity, price) values (613, 263, 1, 'Hot Tea - Large', 2, 2.97);
insert into sales_order_items (sales_order_item_id, sales_order_id, product_id, name, quantity, price) values (614, 197, 2, 'Everything Bagel', 3, 3.24);
insert into sales_order_items (sales_order_item_id, sales_order_id, product_id, name, quantity, price) values (615, 172, 2, 'Soup Bowl', 1, 4.53);
insert into sales_order_items (sales_order_item_id, sales_order_id, product_id, name, quantity, price) values (616, 224, 1, 'Iced Tea - Small', 3, 2.85);
insert into sales_order_items (sales_order_item_id, sales_order_id, product_id, name, quantity, price) values (617, 111, 1, 'Hot Chocolate - Medium', 2, 2.35);
insert into sales_order_items (sales_order_item_id, sales_order_id, product_id, name, quantity, price) values (618, 22, 2, 'Onion Bagel', 3, 3.18);
insert into sales_order_items (sales_order_item_id, sales_order_id, product_id, name, quantity, price) values (619, 260, 1, 'Hot Chocolate - Small', 3, 2.15);
insert into sales_order_items (sales_order_item_id, sales_order_id, product_id, name, quantity, price) values (620, 178, 2, 'Soup Bowl', 3, 4.53);
insert into sales_order_items (sales_order_item_id, sales_order_id, product_id, name, quantity, price) values (621, 180, 1, 'Juan Valdez Reserve Cafe - Large', 1, 2.45);
insert into sales_order_items (sales_order_item_id, sales_order_id, product_id, name, quantity, price) values (622, 210, 1, 'Juan Valdez Reserve Cafe - Large', 3, 2.45);
insert into sales_order_items (sales_order_item_id, sales_order_id, product_id, name, quantity, price) values (623, 189, 1, 'Hot Chocolate - Small', 1, 2.15);
insert into sales_order_items (sales_order_item_id, sales_order_id, product_id, name, quantity, price) values (624, 121, 2, 'Glazed Donut', 2, 0.99);
insert into sales_order_items (sales_order_item_id, sales_order_id, product_id, name, quantity, price) values (625, 225, 3, 'Colombian Best - 16oz', 2, 5.78);
insert into sales_order_items (sales_order_item_id, sales_order_id, product_id, name, quantity, price) values (626, 137, 3, 'Juan Valdez Reserve - 8oz', 2, 3.98);
insert into sales_order_items (sales_order_item_id, sales_order_id, product_id, name, quantity, price) values (627, 283, 2, 'Glazed Donut', 2, 0.99);
insert into sales_order_items (sales_order_item_id, sales_order_id, product_id, name, quantity, price) values (628, 87, 1, 'Juan Valdez Reserve Cafe - Medium', 3, 2.15);
insert into sales_order_items (sales_order_item_id, sales_order_id, product_id, name, quantity, price) values (629, 13, 1, 'Cafe Mocha - Medium', 3, 4.15);
insert into sales_order_items (sales_order_item_id, sales_order_id, product_id, name, quantity, price) values (630, 231, 2, 'Onion Bagel', 1, 3.18);
insert into sales_order_items (sales_order_item_id, sales_order_id, product_id, name, quantity, price) values (631, 162, 1, 'Cafe Mocha - Large', 2, 4.65);
insert into sales_order_items (sales_order_item_id, sales_order_id, product_id, name, quantity, price) values (632, 237, 4, 'Colombian Coffee Mug', 1, 8.78);
insert into sales_order_items (sales_order_item_id, sales_order_id, product_id, name, quantity, price) values (633, 166, 4, 'Hoodie', 3, 20.28);
insert into sales_order_items (sales_order_item_id, sales_order_id, product_id, name, quantity, price) values (634, 143, 2, 'Glazed Donut', 2, 0.99);
insert into sales_order_items (sales_order_item_id, sales_order_id, product_id, name, quantity, price) values (635, 250, 2, 'Banana Nut Bread', 1, 2.75);
insert into sales_order_items (sales_order_item_id, sales_order_id, product_id, name, quantity, price) values (636, 209, 1, 'Cafe Mocha - Medium', 3, 4.15);
insert into sales_order_items (sales_order_item_id, sales_order_id, product_id, name, quantity, price) values (637, 10, 1, 'Hot Chocolate - Small', 1, 2.15);
insert into sales_order_items (sales_order_item_id, sales_order_id, product_id, name, quantity, price) values (638, 42, 1, 'Macchiato - Large', 1, 4.65);
insert into sales_order_items (sales_order_item_id, sales_order_id, product_id, name, quantity, price) values (639, 63, 1, 'Juan Valdez Reserve Cafe - Medium', 1, 2.15);
insert into sales_order_items (sales_order_item_id, sales_order_id, product_id, name, quantity, price) values (640, 223, 2, 'Bear Claw', 3, 2.99);
insert into sales_order_items (sales_order_item_id, sales_order_id, product_id, name, quantity, price) values (641, 179, 3, 'Juan Valdez Reserve - 12oz', 1, 5.99);
insert into sales_order_items (sales_order_item_id, sales_order_id, product_id, name, quantity, price) values (642, 40, 2, 'Glazed Donut', 2, 0.99);
insert into sales_order_items (sales_order_item_id, sales_order_id, product_id, name, quantity, price) values (643, 200, 2, 'Butter Croissant', 2, 2.45);
insert into sales_order_items (sales_order_item_id, sales_order_id, product_id, name, quantity, price) values (644, 29, 1, 'Cafe Mocha - Large', 1, 4.65);
insert into sales_order_items (sales_order_item_id, sales_order_id, product_id, name, quantity, price) values (645, 59, 1, 'Hot Tea - Large', 1, 2.97);
insert into sales_order_items (sales_order_item_id, sales_order_id, product_id, name, quantity, price) values (646, 70, 1, 'Iced Tea - Large', 1, 4.2);
insert into sales_order_items (sales_order_item_id, sales_order_id, product_id, name, quantity, price) values (647, 282, 2, 'Onion Bagel', 2, 3.18);
insert into sales_order_items (sales_order_item_id, sales_order_id, product_id, name, quantity, price) values (648, 207, 1, 'Iced Tea - Large', 3, 4.2);
insert into sales_order_items (sales_order_item_id, sales_order_id, product_id, name, quantity, price) values (649, 60, 2, 'Soup Bowl', 2, 4.53);
insert into sales_order_items (sales_order_item_id, sales_order_id, product_id, name, quantity, price) values (650, 143, 1, 'Cafe Mocha - Small', 1, 3.45);
insert into sales_order_items (sales_order_item_id, sales_order_id, product_id, name, quantity, price) values (651, 83, 1, 'Iced Tea - Large', 3, 4.2);
insert into sales_order_items (sales_order_item_id, sales_order_id, product_id, name, quantity, price) values (652, 6, 3, 'Juan Valdez Reserve - 12oz', 1, 5.99);
insert into sales_order_items (sales_order_item_id, sales_order_id, product_id, name, quantity, price) values (653, 188, 1, 'Macchiato - Large', 3, 4.65);
insert into sales_order_items (sales_order_item_id, sales_order_id, product_id, name, quantity, price) values (654, 216, 1, 'Cafe Mocha - Medium', 1, 4.15);
insert into sales_order_items (sales_order_item_id, sales_order_id, product_id, name, quantity, price) values (655, 83, 2, 'Everything Bagel', 3, 3.24);
insert into sales_order_items (sales_order_item_id, sales_order_id, product_id, name, quantity, price) values (656, 162, 2, 'Soup Bowl', 1, 4.53);
insert into sales_order_items (sales_order_item_id, sales_order_id, product_id, name, quantity, price) values (657, 111, 1, 'Hot Tea - Small', 1, 1.57);
insert into sales_order_items (sales_order_item_id, sales_order_id, product_id, name, quantity, price) values (658, 149, 1, 'Macchiato - Small', 1, 2.89);
insert into sales_order_items (sales_order_item_id, sales_order_id, product_id, name, quantity, price) values (659, 250, 1, 'Macchiato - Large', 3, 4.65);
insert into sales_order_items (sales_order_item_id, sales_order_id, product_id, name, quantity, price) values (660, 272, 1, 'Iced Tea - Small', 2, 2.85);
insert into sales_order_items (sales_order_item_id, sales_order_id, product_id, name, quantity, price) values (661, 93, 1, 'Macchiato - Medium', 2, 3.39);
insert into sales_order_items (sales_order_item_id, sales_order_id, product_id, name, quantity, price) values (662, 100, 1, 'Macchiato - Large', 3, 4.65);
insert into sales_order_items (sales_order_item_id, sales_order_id, product_id, name, quantity, price) values (663, 92, 1, 'Iced Tea - Large', 3, 4.2);
insert into sales_order_items (sales_order_item_id, sales_order_id, product_id, name, quantity, price) values (664, 35, 2, 'Soup Bowl', 1, 4.53);
insert into sales_order_items (sales_order_item_id, sales_order_id, product_id, name, quantity, price) values (665, 149, 1, 'Macchiato - Small', 3, 2.89);
insert into sales_order_items (sales_order_item_id, sales_order_id, product_id, name, quantity, price) values (666, 236, 1, 'Hot Tea - Large', 3, 2.97);
insert into sales_order_items (sales_order_item_id, sales_order_id, product_id, name, quantity, price) values (667, 115, 3, 'Juan Valdez Reserve - 12oz', 2, 5.99);
insert into sales_order_items (sales_order_item_id, sales_order_id, product_id, name, quantity, price) values (668, 186, 1, 'Hot Chocolate - Medium', 1, 2.35);
insert into sales_order_items (sales_order_item_id, sales_order_id, product_id, name, quantity, price) values (669, 255, 2, 'Onion Bagel', 2, 3.18);
insert into sales_order_items (sales_order_item_id, sales_order_id, product_id, name, quantity, price) values (670, 58, 1, 'Hot Chocolate - Large', 1, 2.55);
insert into sales_order_items (sales_order_item_id, sales_order_id, product_id, name, quantity, price) values (671, 225, 2, 'Raisin Bagel', 2, 3.18);
insert into sales_order_items (sales_order_item_id, sales_order_id, product_id, name, quantity, price) values (672, 220, 3, 'Colombian Best - 16oz', 3, 5.78);
insert into sales_order_items (sales_order_item_id, sales_order_id, product_id, name, quantity, price) values (673, 198, 2, 'Raisin Bagel', 1, 3.18);
insert into sales_order_items (sales_order_item_id, sales_order_id, product_id, name, quantity, price) values (674, 197, 3, 'Colombian Best - 16oz', 2, 5.78);
insert into sales_order_items (sales_order_item_id, sales_order_id, product_id, name, quantity, price) values (675, 98, 2, 'Glazed Donut', 3, 0.99);
insert into sales_order_items (sales_order_item_id, sales_order_id, product_id, name, quantity, price) values (676, 86, 1, 'Macchiato - Large', 1, 4.65);
insert into sales_order_items (sales_order_item_id, sales_order_id, product_id, name, quantity, price) values (677, 77, 2, 'Soup Bowl', 1, 4.53);
insert into sales_order_items (sales_order_item_id, sales_order_id, product_id, name, quantity, price) values (678, 67, 1, 'Cafe Mocha - Large', 2, 4.65);
insert into sales_order_items (sales_order_item_id, sales_order_id, product_id, name, quantity, price) values (679, 55, 2, 'Bear Claw', 1, 2.99);
insert into sales_order_items (sales_order_item_id, sales_order_id, product_id, name, quantity, price) values (680, 259, 2, 'Raisin Bagel', 2, 3.18);
insert into sales_order_items (sales_order_item_id, sales_order_id, product_id, name, quantity, price) values (681, 181, 1, 'Iced Tea - Large', 1, 4.2);
insert into sales_order_items (sales_order_item_id, sales_order_id, product_id, name, quantity, price) values (682, 192, 2, 'Cheese Danish', 1, 2.45);
insert into sales_order_items (sales_order_item_id, sales_order_id, product_id, name, quantity, price) values (683, 214, 4, 'Colombian Coffee Mug', 1, 8.78);
insert into sales_order_items (sales_order_item_id, sales_order_id, product_id, name, quantity, price) values (684, 78, 2, 'Raisin Bagel', 1, 3.18);
insert into sales_order_items (sales_order_item_id, sales_order_id, product_id, name, quantity, price) values (685, 125, 1, 'Cafe Mocha - Medium', 2, 4.15);
insert into sales_order_items (sales_order_item_id, sales_order_id, product_id, name, quantity, price) values (686, 273, 2, 'Soup Bowl', 2, 4.53);
insert into sales_order_items (sales_order_item_id, sales_order_id, product_id, name, quantity, price) values (687, 120, 3, 'Colombian Best - 8oz', 3, 3.24);
insert into sales_order_items (sales_order_item_id, sales_order_id, product_id, name, quantity, price) values (688, 48, 1, 'Macchiato - Large', 2, 4.65);
insert into sales_order_items (sales_order_item_id, sales_order_id, product_id, name, quantity, price) values (689, 245, 1, 'Macchiato - Medium', 1, 3.39);
insert into sales_order_items (sales_order_item_id, sales_order_id, product_id, name, quantity, price) values (690, 156, 2, 'Banana Nut Bread', 3, 2.75);
insert into sales_order_items (sales_order_item_id, sales_order_id, product_id, name, quantity, price) values (691, 263, 1, 'Iced Tea - Medium', 2, 3.25);
insert into sales_order_items (sales_order_item_id, sales_order_id, product_id, name, quantity, price) values (692, 100, 2, 'Garden Salad', 1, 8.25);
insert into sales_order_items (sales_order_item_id, sales_order_id, product_id, name, quantity, price) values (693, 231, 1, 'Macchiato - Small', 3, 2.89);
insert into sales_order_items (sales_order_item_id, sales_order_id, product_id, name, quantity, price) values (694, 186, 1, 'Cafe Mocha - Medium', 1, 4.15);
insert into sales_order_items (sales_order_item_id, sales_order_id, product_id, name, quantity, price) values (695, 81, 2, 'Garden Salad', 3, 8.25);
insert into sales_order_items (sales_order_item_id, sales_order_id, product_id, name, quantity, price) values (696, 48, 1, 'Hot Tea - Large', 1, 2.97);
insert into sales_order_items (sales_order_item_id, sales_order_id, product_id, name, quantity, price) values (697, 230, 2, 'Garden Salad', 2, 8.25);
insert into sales_order_items (sales_order_item_id, sales_order_id, product_id, name, quantity, price) values (698, 157, 2, 'Banana Nut Bread', 1, 2.75);
insert into sales_order_items (sales_order_item_id, sales_order_id, product_id, name, quantity, price) values (699, 58, 1, 'Iced Tea - Large', 1, 4.2);
insert into sales_order_items (sales_order_item_id, sales_order_id, product_id, name, quantity, price) values (700, 213, 1, 'Hot Tea - Medium', 2, 2.48);
insert into sales_order_items (sales_order_item_id, sales_order_id, product_id, name, quantity, price) values (701, 228, 4, 'Hoodie', 1, 20.28);
insert into sales_order_items (sales_order_item_id, sales_order_id, product_id, name, quantity, price) values (702, 81, 2, 'Raisin Bagel', 1, 3.18);
insert into sales_order_items (sales_order_item_id, sales_order_id, product_id, name, quantity, price) values (703, 197, 1, 'Macchiato - Small', 1, 2.89);
insert into sales_order_items (sales_order_item_id, sales_order_id, product_id, name, quantity, price) values (704, 94, 1, 'Hot Chocolate - Small', 3, 2.15);
insert into sales_order_items (sales_order_item_id, sales_order_id, product_id, name, quantity, price) values (705, 145, 1, 'Hot Tea - Small', 2, 1.57);
insert into sales_order_items (sales_order_item_id, sales_order_id, product_id, name, quantity, price) values (706, 230, 1, 'Iced Tea - Medium', 3, 3.25);
insert into sales_order_items (sales_order_item_id, sales_order_id, product_id, name, quantity, price) values (707, 128, 1, 'Cafe Mocha - Small', 2, 3.45);
insert into sales_order_items (sales_order_item_id, sales_order_id, product_id, name, quantity, price) values (708, 139, 3, 'Juan Valdez Reserve - 12oz', 2, 5.99);
insert into sales_order_items (sales_order_item_id, sales_order_id, product_id, name, quantity, price) values (709, 130, 2, 'Garden Salad', 1, 8.25);
insert into sales_order_items (sales_order_item_id, sales_order_id, product_id, name, quantity, price) values (710, 207, 1, 'Cafe Mocha - Medium', 1, 4.15);
insert into sales_order_items (sales_order_item_id, sales_order_id, product_id, name, quantity, price) values (711, 257, 2, 'Raisin Bagel', 3, 3.18);
insert into sales_order_items (sales_order_item_id, sales_order_id, product_id, name, quantity, price) values (712, 230, 2, 'Raisin Bagel', 3, 3.18);
insert into sales_order_items (sales_order_item_id, sales_order_id, product_id, name, quantity, price) values (713, 6, 3, 'Colombian Best - 8oz', 3, 3.24);
insert into sales_order_items (sales_order_item_id, sales_order_id, product_id, name, quantity, price) values (714, 222, 2, 'Onion Bagel', 3, 3.18);
insert into sales_order_items (sales_order_item_id, sales_order_id, product_id, name, quantity, price) values (715, 243, 1, 'Iced Tea - Medium', 1, 3.25);
insert into sales_order_items (sales_order_item_id, sales_order_id, product_id, name, quantity, price) values (716, 199, 2, 'Cheese Danish', 3, 2.45);
insert into sales_order_items (sales_order_item_id, sales_order_id, product_id, name, quantity, price) values (717, 289, 1, 'Iced Tea - Small', 1, 2.85);
insert into sales_order_items (sales_order_item_id, sales_order_id, product_id, name, quantity, price) values (718, 125, 2, 'Garden Salad', 2, 8.25);
insert into sales_order_items (sales_order_item_id, sales_order_id, product_id, name, quantity, price) values (719, 150, 3, 'Colombian Best - 16oz', 2, 5.78);
insert into sales_order_items (sales_order_item_id, sales_order_id, product_id, name, quantity, price) values (720, 178, 1, 'Hot Chocolate - Large', 3, 2.55);
insert into sales_order_items (sales_order_item_id, sales_order_id, product_id, name, quantity, price) values (721, 196, 1, 'Cafe Mocha - Medium', 1, 4.15);
insert into sales_order_items (sales_order_item_id, sales_order_id, product_id, name, quantity, price) values (722, 215, 1, 'Macchiato - Medium', 3, 3.39);
insert into sales_order_items (sales_order_item_id, sales_order_id, product_id, name, quantity, price) values (723, 80, 1, 'Hot Chocolate - Large', 3, 2.55);
insert into sales_order_items (sales_order_item_id, sales_order_id, product_id, name, quantity, price) values (724, 170, 3, 'Colombian Best - 8oz', 2, 3.24);
insert into sales_order_items (sales_order_item_id, sales_order_id, product_id, name, quantity, price) values (725, 186, 1, 'Macchiato - Large', 1, 4.65);
insert into sales_order_items (sales_order_item_id, sales_order_id, product_id, name, quantity, price) values (726, 207, 2, 'Soup Bowl', 1, 4.53);
insert into sales_order_items (sales_order_item_id, sales_order_id, product_id, name, quantity, price) values (727, 218, 1, 'Macchiato - Large', 2, 4.65);
insert into sales_order_items (sales_order_item_id, sales_order_id, product_id, name, quantity, price) values (728, 26, 4, 'Hoodie', 1, 20.28);
insert into sales_order_items (sales_order_item_id, sales_order_id, product_id, name, quantity, price) values (729, 255, 1, 'Hot Tea - Large', 2, 2.97);
insert into sales_order_items (sales_order_item_id, sales_order_id, product_id, name, quantity, price) values (730, 17, 1, 'Macchiato - Small', 1, 2.89);
insert into sales_order_items (sales_order_item_id, sales_order_id, product_id, name, quantity, price) values (731, 241, 1, 'Juan Valdez Reserve Cafe - Medium', 3, 2.15);
insert into sales_order_items (sales_order_item_id, sales_order_id, product_id, name, quantity, price) values (732, 159, 2, 'Soup Bowl', 3, 4.53);
insert into sales_order_items (sales_order_item_id, sales_order_id, product_id, name, quantity, price) values (733, 42, 1, 'Iced Tea - Small', 3, 2.85);
insert into sales_order_items (sales_order_item_id, sales_order_id, product_id, name, quantity, price) values (734, 11, 1, 'Iced Tea - Medium', 2, 3.25);
insert into sales_order_items (sales_order_item_id, sales_order_id, product_id, name, quantity, price) values (735, 238, 3, 'Juan Valdez Reserve - 12oz', 3, 5.99);
insert into sales_order_items (sales_order_item_id, sales_order_id, product_id, name, quantity, price) values (736, 33, 1, 'Hot Chocolate - Medium', 1, 2.35);
insert into sales_order_items (sales_order_item_id, sales_order_id, product_id, name, quantity, price) values (737, 47, 3, 'Colombian Best - 16oz', 2, 5.78);
insert into sales_order_items (sales_order_item_id, sales_order_id, product_id, name, quantity, price) values (738, 284, 1, 'Hot Tea - Large', 3, 2.97);
insert into sales_order_items (sales_order_item_id, sales_order_id, product_id, name, quantity, price) values (739, 251, 2, 'Raisin Bagel', 1, 3.18);
insert into sales_order_items (sales_order_item_id, sales_order_id, product_id, name, quantity, price) values (740, 101, 3, 'Juan Valdez Reserve - 8oz', 2, 3.98);
insert into sales_order_items (sales_order_item_id, sales_order_id, product_id, name, quantity, price) values (741, 269, 2, 'Butter Croissant', 1, 2.45);
insert into sales_order_items (sales_order_item_id, sales_order_id, product_id, name, quantity, price) values (742, 126, 1, 'Hot Tea - Medium', 1, 2.48);
insert into sales_order_items (sales_order_item_id, sales_order_id, product_id, name, quantity, price) values (743, 19, 1, 'Cafe Mocha - Large', 1, 4.65);
insert into sales_order_items (sales_order_item_id, sales_order_id, product_id, name, quantity, price) values (744, 141, 2, 'Glazed Donut', 1, 0.99);
insert into sales_order_items (sales_order_item_id, sales_order_id, product_id, name, quantity, price) values (745, 44, 1, 'Iced Tea - Small', 2, 2.85);
insert into sales_order_items (sales_order_item_id, sales_order_id, product_id, name, quantity, price) values (746, 194, 1, 'Hot Tea - Large', 1, 2.97);
insert into sales_order_items (sales_order_item_id, sales_order_id, product_id, name, quantity, price) values (747, 37, 1, 'Hot Tea - Medium', 3, 2.48);
insert into sales_order_items (sales_order_item_id, sales_order_id, product_id, name, quantity, price) values (748, 78, 2, 'Soup Bowl', 3, 4.53);
insert into sales_order_items (sales_order_item_id, sales_order_id, product_id, name, quantity, price) values (749, 154, 1, 'Hot Chocolate - Large', 2, 2.55);
insert into sales_order_items (sales_order_item_id, sales_order_id, product_id, name, quantity, price) values (750, 222, 1, 'Macchiato - Medium', 3, 3.39);
insert into sales_order_items (sales_order_item_id, sales_order_id, product_id, name, quantity, price) values (751, 58, 4, 'Colombian Coffee Bottle', 2, 16.47);
insert into sales_order_items (sales_order_item_id, sales_order_id, product_id, name, quantity, price) values (752, 79, 4, 'Colombian Coffee Mug', 2, 8.78);
insert into sales_order_items (sales_order_item_id, sales_order_id, product_id, name, quantity, price) values (753, 230, 2, 'Onion Bagel', 1, 3.18);
insert into sales_order_items (sales_order_item_id, sales_order_id, product_id, name, quantity, price) values (754, 220, 2, 'Everything Bagel', 2, 3.24);
insert into sales_order_items (sales_order_item_id, sales_order_id, product_id, name, quantity, price) values (755, 219, 1, 'Juan Valdez Reserve Cafe - Medium', 1, 2.15);
insert into sales_order_items (sales_order_item_id, sales_order_id, product_id, name, quantity, price) values (756, 239, 1, 'Macchiato - Large', 3, 4.65);
insert into sales_order_items (sales_order_item_id, sales_order_id, product_id, name, quantity, price) values (757, 49, 1, 'Hot Chocolate - Medium', 2, 2.35);
insert into sales_order_items (sales_order_item_id, sales_order_id, product_id, name, quantity, price) values (758, 203, 2, 'Bear Claw', 3, 2.99);
insert into sales_order_items (sales_order_item_id, sales_order_id, product_id, name, quantity, price) values (759, 125, 1, 'Iced Tea - Medium', 2, 3.25);
insert into sales_order_items (sales_order_item_id, sales_order_id, product_id, name, quantity, price) values (760, 130, 1, 'Macchiato - Medium', 3, 3.39);
insert into sales_order_items (sales_order_item_id, sales_order_id, product_id, name, quantity, price) values (761, 18, 3, 'Juan Valdez Reserve - 8oz', 1, 3.98);
insert into sales_order_items (sales_order_item_id, sales_order_id, product_id, name, quantity, price) values (762, 40, 1, 'Hot Tea - Medium', 3, 2.48);
insert into sales_order_items (sales_order_item_id, sales_order_id, product_id, name, quantity, price) values (763, 112, 1, 'Cafe Mocha - Small', 1, 3.45);
insert into sales_order_items (sales_order_item_id, sales_order_id, product_id, name, quantity, price) values (764, 82, 2, 'Onion Bagel', 1, 3.18);
insert into sales_order_items (sales_order_item_id, sales_order_id, product_id, name, quantity, price) values (765, 108, 2, 'Butter Croissant', 2, 2.45);
insert into sales_order_items (sales_order_item_id, sales_order_id, product_id, name, quantity, price) values (766, 177, 1, 'Hot Chocolate - Small', 2, 2.15);
insert into sales_order_items (sales_order_item_id, sales_order_id, product_id, name, quantity, price) values (767, 271, 1, 'Macchiato - Small', 2, 2.89);
insert into sales_order_items (sales_order_item_id, sales_order_id, product_id, name, quantity, price) values (768, 27, 3, 'Colombian Best - 8oz', 3, 3.24);
insert into sales_order_items (sales_order_item_id, sales_order_id, product_id, name, quantity, price) values (769, 44, 1, 'Iced Tea - Small', 2, 2.85);
insert into sales_order_items (sales_order_item_id, sales_order_id, product_id, name, quantity, price) values (770, 244, 1, 'Macchiato - Medium', 3, 3.39);
insert into sales_order_items (sales_order_item_id, sales_order_id, product_id, name, quantity, price) values (771, 11, 2, 'Garden Salad', 2, 8.25);
insert into sales_order_items (sales_order_item_id, sales_order_id, product_id, name, quantity, price) values (772, 291, 1, 'Macchiato - Small', 2, 2.89);
insert into sales_order_items (sales_order_item_id, sales_order_id, product_id, name, quantity, price) values (773, 168, 2, 'Raisin Bagel', 2, 3.18);
insert into sales_order_items (sales_order_item_id, sales_order_id, product_id, name, quantity, price) values (774, 10, 2, 'Glazed Donut', 3, 0.99);
insert into sales_order_items (sales_order_item_id, sales_order_id, product_id, name, quantity, price) values (775, 286, 1, 'Cafe Mocha - Medium', 1, 4.15);
insert into sales_order_items (sales_order_item_id, sales_order_id, product_id, name, quantity, price) values (776, 251, 1, 'Iced Tea - Medium', 3, 3.25);
insert into sales_order_items (sales_order_item_id, sales_order_id, product_id, name, quantity, price) values (777, 196, 1, 'Hot Tea - Small', 1, 1.57);
insert into sales_order_items (sales_order_item_id, sales_order_id, product_id, name, quantity, price) values (778, 284, 2, 'Banana Nut Bread', 2, 2.75);
insert into sales_order_items (sales_order_item_id, sales_order_id, product_id, name, quantity, price) values (779, 136, 4, 'Colombian Coffee Bottle', 2, 16.47);
insert into sales_order_items (sales_order_item_id, sales_order_id, product_id, name, quantity, price) values (780, 68, 3, 'Juan Valdez Reserve - 8oz', 1, 3.98);
insert into sales_order_items (sales_order_item_id, sales_order_id, product_id, name, quantity, price) values (781, 213, 1, 'Juan Valdez Reserve Cafe - Medium', 1, 2.15);
insert into sales_order_items (sales_order_item_id, sales_order_id, product_id, name, quantity, price) values (782, 126, 1, 'Juan Valdez Reserve Cafe - Medium', 1, 2.15);
insert into sales_order_items (sales_order_item_id, sales_order_id, product_id, name, quantity, price) values (783, 121, 2, 'Glazed Donut', 3, 0.99);
insert into sales_order_items (sales_order_item_id, sales_order_id, product_id, name, quantity, price) values (784, 5, 1, 'Hot Chocolate - Medium', 1, 2.35);
insert into sales_order_items (sales_order_item_id, sales_order_id, product_id, name, quantity, price) values (785, 52, 3, 'Colombian Best - 8oz', 3, 3.24);
insert into sales_order_items (sales_order_item_id, sales_order_id, product_id, name, quantity, price) values (786, 74, 2, 'Glazed Donut', 1, 0.99);
insert into sales_order_items (sales_order_item_id, sales_order_id, product_id, name, quantity, price) values (787, 283, 1, 'Iced Tea - Medium', 2, 3.25);
insert into sales_order_items (sales_order_item_id, sales_order_id, product_id, name, quantity, price) values (788, 207, 1, 'Juan Valdez Reserve Cafe - Large', 3, 2.45);
insert into sales_order_items (sales_order_item_id, sales_order_id, product_id, name, quantity, price) values (789, 117, 2, 'Cheese Danish', 1, 2.45);
insert into sales_order_items (sales_order_item_id, sales_order_id, product_id, name, quantity, price) values (790, 278, 1, 'Iced Tea - Medium', 2, 3.25);
insert into sales_order_items (sales_order_item_id, sales_order_id, product_id, name, quantity, price) values (791, 288, 3, 'Colombian Best - 8oz', 2, 3.24);
insert into sales_order_items (sales_order_item_id, sales_order_id, product_id, name, quantity, price) values (792, 43, 3, 'Juan Valdez Reserve - 12oz', 2, 5.99);
insert into sales_order_items (sales_order_item_id, sales_order_id, product_id, name, quantity, price) values (793, 80, 1, 'Cafe Mocha - Large', 3, 4.65);
insert into sales_order_items (sales_order_item_id, sales_order_id, product_id, name, quantity, price) values (794, 180, 2, 'Onion Bagel', 1, 3.18);
insert into sales_order_items (sales_order_item_id, sales_order_id, product_id, name, quantity, price) values (795, 89, 1, 'Hot Chocolate - Medium', 2, 2.35);
insert into sales_order_items (sales_order_item_id, sales_order_id, product_id, name, quantity, price) values (796, 34, 4, 'Hoodie', 2, 20.28);
insert into sales_order_items (sales_order_item_id, sales_order_id, product_id, name, quantity, price) values (797, 38, 1, 'Macchiato - Medium', 1, 3.39);
insert into sales_order_items (sales_order_item_id, sales_order_id, product_id, name, quantity, price) values (798, 121, 2, 'Raisin Bagel', 3, 3.18);
insert into sales_order_items (sales_order_item_id, sales_order_id, product_id, name, quantity, price) values (799, 191, 1, 'Hot Tea - Medium', 2, 2.48);
insert into sales_order_items (sales_order_item_id, sales_order_id, product_id, name, quantity, price) values (800, 248, 2, 'Butter Croissant', 2, 2.45);
insert into sales_order_items (sales_order_item_id, sales_order_id, product_id, name, quantity, price) values (801, 122, 1, 'Iced Tea - Small', 1, 2.85);
insert into sales_order_items (sales_order_item_id, sales_order_id, product_id, name, quantity, price) values (802, 255, 1, 'Hot Tea - Large', 2, 2.97);
insert into sales_order_items (sales_order_item_id, sales_order_id, product_id, name, quantity, price) values (803, 288, 2, 'Soup Bowl', 2, 4.53);
insert into sales_order_items (sales_order_item_id, sales_order_id, product_id, name, quantity, price) values (804, 107, 1, 'Hot Tea - Medium', 2, 2.48);
insert into sales_order_items (sales_order_item_id, sales_order_id, product_id, name, quantity, price) values (805, 235, 2, 'Raisin Bagel', 2, 3.18);
insert into sales_order_items (sales_order_item_id, sales_order_id, product_id, name, quantity, price) values (806, 176, 4, 'Colombian Coffee Mug', 3, 8.78);
insert into sales_order_items (sales_order_item_id, sales_order_id, product_id, name, quantity, price) values (807, 236, 1, 'Iced Tea - Large', 2, 4.2);
insert into sales_order_items (sales_order_item_id, sales_order_id, product_id, name, quantity, price) values (808, 292, 1, 'Hot Tea - Large', 1, 2.97);
insert into sales_order_items (sales_order_item_id, sales_order_id, product_id, name, quantity, price) values (809, 247, 1, 'Cafe Mocha - Small', 3, 3.45);
insert into sales_order_items (sales_order_item_id, sales_order_id, product_id, name, quantity, price) values (810, 26, 4, 'Hoodie', 2, 20.28);
insert into sales_order_items (sales_order_item_id, sales_order_id, product_id, name, quantity, price) values (811, 277, 2, 'Garden Salad', 1, 8.25);
insert into sales_order_items (sales_order_item_id, sales_order_id, product_id, name, quantity, price) values (812, 248, 1, 'Macchiato - Small', 2, 2.89);
insert into sales_order_items (sales_order_item_id, sales_order_id, product_id, name, quantity, price) values (813, 156, 1, 'Hot Chocolate - Medium', 3, 2.35);
insert into sales_order_items (sales_order_item_id, sales_order_id, product_id, name, quantity, price) values (814, 266, 3, 'Colombian Best - 8oz', 3, 3.24);
insert into sales_order_items (sales_order_item_id, sales_order_id, product_id, name, quantity, price) values (815, 234, 3, 'Juan Valdez Reserve - 12oz', 1, 5.99);
insert into sales_order_items (sales_order_item_id, sales_order_id, product_id, name, quantity, price) values (816, 95, 1, 'Macchiato - Small', 3, 2.89);
insert into sales_order_items (sales_order_item_id, sales_order_id, product_id, name, quantity, price) values (817, 7, 4, 'Colombian Coffee Bottle', 1, 16.47);
insert into sales_order_items (sales_order_item_id, sales_order_id, product_id, name, quantity, price) values (818, 53, 4, 'Colombian Coffee Bottle', 1, 16.47);
insert into sales_order_items (sales_order_item_id, sales_order_id, product_id, name, quantity, price) values (819, 80, 3, 'Colombian Best - 16oz', 3, 5.78);
insert into sales_order_items (sales_order_item_id, sales_order_id, product_id, name, quantity, price) values (820, 141, 2, 'Butter Croissant', 2, 2.45);
insert into sales_order_items (sales_order_item_id, sales_order_id, product_id, name, quantity, price) values (821, 48, 1, 'Hot Chocolate - Small', 1, 2.15);
insert into sales_order_items (sales_order_item_id, sales_order_id, product_id, name, quantity, price) values (822, 23, 1, 'Hot Chocolate - Large', 3, 2.55);
insert into sales_order_items (sales_order_item_id, sales_order_id, product_id, name, quantity, price) values (823, 165, 1, 'Hot Chocolate - Small', 2, 2.15);
insert into sales_order_items (sales_order_item_id, sales_order_id, product_id, name, quantity, price) values (824, 106, 1, 'Iced Tea - Medium', 1, 3.25);
insert into sales_order_items (sales_order_item_id, sales_order_id, product_id, name, quantity, price) values (825, 287, 1, 'Hot Tea - Large', 2, 2.97);
insert into sales_order_items (sales_order_item_id, sales_order_id, product_id, name, quantity, price) values (826, 120, 4, 'Hoodie', 1, 20.28);
insert into sales_order_items (sales_order_item_id, sales_order_id, product_id, name, quantity, price) values (827, 215, 3, 'Colombian Best - 8oz', 3, 3.24);
insert into sales_order_items (sales_order_item_id, sales_order_id, product_id, name, quantity, price) values (828, 192, 2, 'Bear Claw', 1, 2.99);
insert into sales_order_items (sales_order_item_id, sales_order_id, product_id, name, quantity, price) values (829, 24, 2, 'Cheese Danish', 1, 2.45);
insert into sales_order_items (sales_order_item_id, sales_order_id, product_id, name, quantity, price) values (830, 69, 2, 'Banana Nut Bread', 2, 2.75);
insert into sales_order_items (sales_order_item_id, sales_order_id, product_id, name, quantity, price) values (831, 300, 1, 'Hot Chocolate - Medium', 1, 2.35);
insert into sales_order_items (sales_order_item_id, sales_order_id, product_id, name, quantity, price) values (832, 266, 2, 'Onion Bagel', 3, 3.18);
insert into sales_order_items (sales_order_item_id, sales_order_id, product_id, name, quantity, price) values (833, 58, 4, 'Colombian Coffee Bottle', 1, 16.47);
insert into sales_order_items (sales_order_item_id, sales_order_id, product_id, name, quantity, price) values (834, 39, 1, 'Iced Tea - Large', 3, 4.2);
insert into sales_order_items (sales_order_item_id, sales_order_id, product_id, name, quantity, price) values (835, 38, 1, 'Macchiato - Large', 3, 4.65);
insert into sales_order_items (sales_order_item_id, sales_order_id, product_id, name, quantity, price) values (836, 217, 3, 'Colombian Best - 16oz', 3, 5.78);
insert into sales_order_items (sales_order_item_id, sales_order_id, product_id, name, quantity, price) values (837, 197, 4, 'Colombian Coffee Bottle', 3, 16.47);
insert into sales_order_items (sales_order_item_id, sales_order_id, product_id, name, quantity, price) values (838, 12, 1, 'Hot Tea - Medium', 1, 2.48);
insert into sales_order_items (sales_order_item_id, sales_order_id, product_id, name, quantity, price) values (839, 93, 1, 'Juan Valdez Reserve Cafe - Medium', 3, 2.15);
insert into sales_order_items (sales_order_item_id, sales_order_id, product_id, name, quantity, price) values (840, 48, 1, 'Hot Chocolate - Medium', 1, 2.35);
insert into sales_order_items (sales_order_item_id, sales_order_id, product_id, name, quantity, price) values (841, 140, 4, 'Colombian Coffee Mug', 3, 8.78);
insert into sales_order_items (sales_order_item_id, sales_order_id, product_id, name, quantity, price) values (842, 188, 1, 'Hot Chocolate - Medium', 1, 2.35);
insert into sales_order_items (sales_order_item_id, sales_order_id, product_id, name, quantity, price) values (843, 55, 1, 'Hot Chocolate - Small', 2, 2.15);
insert into sales_order_items (sales_order_item_id, sales_order_id, product_id, name, quantity, price) values (844, 15, 2, 'Onion Bagel', 3, 3.18);
insert into sales_order_items (sales_order_item_id, sales_order_id, product_id, name, quantity, price) values (845, 148, 1, 'Hot Chocolate - Medium', 1, 2.35);
insert into sales_order_items (sales_order_item_id, sales_order_id, product_id, name, quantity, price) values (846, 217, 3, 'Colombian Best - 16oz', 2, 5.78);
insert into sales_order_items (sales_order_item_id, sales_order_id, product_id, name, quantity, price) values (847, 88, 3, 'Colombian Best - 8oz', 2, 3.24);
insert into sales_order_items (sales_order_item_id, sales_order_id, product_id, name, quantity, price) values (848, 27, 3, 'Colombian Best - 8oz', 3, 3.24);
insert into sales_order_items (sales_order_item_id, sales_order_id, product_id, name, quantity, price) values (849, 247, 1, 'Hot Chocolate - Small', 1, 2.15);
insert into sales_order_items (sales_order_item_id, sales_order_id, product_id, name, quantity, price) values (850, 258, 1, 'Hot Chocolate - Large', 1, 2.55);
insert into sales_order_items (sales_order_item_id, sales_order_id, product_id, name, quantity, price) values (851, 215, 1, 'Macchiato - Large', 3, 4.65);
insert into sales_order_items (sales_order_item_id, sales_order_id, product_id, name, quantity, price) values (852, 293, 1, 'Hot Chocolate - Medium', 2, 2.35);
insert into sales_order_items (sales_order_item_id, sales_order_id, product_id, name, quantity, price) values (853, 214, 2, 'Onion Bagel', 1, 3.18);
insert into sales_order_items (sales_order_item_id, sales_order_id, product_id, name, quantity, price) values (854, 30, 1, 'Hot Chocolate - Small', 3, 2.15);
insert into sales_order_items (sales_order_item_id, sales_order_id, product_id, name, quantity, price) values (855, 105, 4, 'Colombian Coffee Mug', 1, 8.78);
insert into sales_order_items (sales_order_item_id, sales_order_id, product_id, name, quantity, price) values (856, 185, 2, 'Glazed Donut', 2, 0.99);
insert into sales_order_items (sales_order_item_id, sales_order_id, product_id, name, quantity, price) values (857, 249, 1, 'Hot Chocolate - Medium', 1, 2.35);
insert into sales_order_items (sales_order_item_id, sales_order_id, product_id, name, quantity, price) values (858, 155, 1, 'Hot Chocolate - Small', 1, 2.15);
insert into sales_order_items (sales_order_item_id, sales_order_id, product_id, name, quantity, price) values (859, 194, 3, 'Colombian Best - 16oz', 3, 5.78);
insert into sales_order_items (sales_order_item_id, sales_order_id, product_id, name, quantity, price) values (860, 299, 3, 'Juan Valdez Reserve - 8oz', 3, 3.98);
insert into sales_order_items (sales_order_item_id, sales_order_id, product_id, name, quantity, price) values (861, 276, 1, 'Macchiato - Medium', 2, 3.39);
insert into sales_order_items (sales_order_item_id, sales_order_id, product_id, name, quantity, price) values (862, 279, 4, 'Colombian Coffee Mug', 1, 8.78);
insert into sales_order_items (sales_order_item_id, sales_order_id, product_id, name, quantity, price) values (863, 219, 1, 'Macchiato - Medium', 3, 3.39);
insert into sales_order_items (sales_order_item_id, sales_order_id, product_id, name, quantity, price) values (864, 32, 1, 'Juan Valdez Reserve Cafe - Large', 2, 2.45);
insert into sales_order_items (sales_order_item_id, sales_order_id, product_id, name, quantity, price) values (865, 71, 1, 'Cafe Mocha - Medium', 3, 4.15);
insert into sales_order_items (sales_order_item_id, sales_order_id, product_id, name, quantity, price) values (866, 242, 1, 'Iced Tea - Medium', 2, 3.25);
insert into sales_order_items (sales_order_item_id, sales_order_id, product_id, name, quantity, price) values (867, 136, 4, 'Colombian Coffee Mug', 3, 8.78);
insert into sales_order_items (sales_order_item_id, sales_order_id, product_id, name, quantity, price) values (868, 61, 1, 'Iced Tea - Large', 1, 4.2);
insert into sales_order_items (sales_order_item_id, sales_order_id, product_id, name, quantity, price) values (869, 116, 1, 'Hot Tea - Medium', 2, 2.48);
insert into sales_order_items (sales_order_item_id, sales_order_id, product_id, name, quantity, price) values (870, 113, 1, 'Cafe Mocha - Small', 1, 3.45);
insert into sales_order_items (sales_order_item_id, sales_order_id, product_id, name, quantity, price) values (871, 250, 2, 'Garden Salad', 3, 8.25);
insert into sales_order_items (sales_order_item_id, sales_order_id, product_id, name, quantity, price) values (872, 255, 4, 'Colombian Coffee Bottle', 2, 16.47);
insert into sales_order_items (sales_order_item_id, sales_order_id, product_id, name, quantity, price) values (873, 66, 2, 'Cheese Danish', 1, 2.45);
insert into sales_order_items (sales_order_item_id, sales_order_id, product_id, name, quantity, price) values (874, 183, 2, 'Bear Claw', 3, 2.99);
insert into sales_order_items (sales_order_item_id, sales_order_id, product_id, name, quantity, price) values (875, 282, 3, 'Juan Valdez Reserve - 12oz', 2, 5.99);
insert into sales_order_items (sales_order_item_id, sales_order_id, product_id, name, quantity, price) values (876, 8, 2, 'Everything Bagel', 3, 3.24);
insert into sales_order_items (sales_order_item_id, sales_order_id, product_id, name, quantity, price) values (877, 191, 3, 'Colombian Best - 8oz', 2, 3.24);
insert into sales_order_items (sales_order_item_id, sales_order_id, product_id, name, quantity, price) values (878, 46, 1, 'Cafe Mocha - Small', 1, 3.45);
insert into sales_order_items (sales_order_item_id, sales_order_id, product_id, name, quantity, price) values (879, 182, 1, 'Macchiato - Medium', 3, 3.39);
insert into sales_order_items (sales_order_item_id, sales_order_id, product_id, name, quantity, price) values (880, 37, 3, 'Colombian Best - 16oz', 1, 5.78);
insert into sales_order_items (sales_order_item_id, sales_order_id, product_id, name, quantity, price) values (881, 129, 2, 'Bear Claw', 3, 2.99);
insert into sales_order_items (sales_order_item_id, sales_order_id, product_id, name, quantity, price) values (882, 284, 2, 'Raisin Bagel', 3, 3.18);
insert into sales_order_items (sales_order_item_id, sales_order_id, product_id, name, quantity, price) values (883, 37, 1, 'Hot Tea - Small', 3, 1.57);
insert into sales_order_items (sales_order_item_id, sales_order_id, product_id, name, quantity, price) values (884, 64, 2, 'Banana Nut Bread', 1, 2.75);
insert into sales_order_items (sales_order_item_id, sales_order_id, product_id, name, quantity, price) values (885, 210, 1, 'Macchiato - Small', 3, 2.89);
insert into sales_order_items (sales_order_item_id, sales_order_id, product_id, name, quantity, price) values (886, 206, 1, 'Hot Chocolate - Medium', 3, 2.35);
insert into sales_order_items (sales_order_item_id, sales_order_id, product_id, name, quantity, price) values (887, 148, 1, 'Cafe Mocha - Large', 2, 4.65);
insert into sales_order_items (sales_order_item_id, sales_order_id, product_id, name, quantity, price) values (888, 2, 1, 'Hot Chocolate - Medium', 1, 2.35);
insert into sales_order_items (sales_order_item_id, sales_order_id, product_id, name, quantity, price) values (889, 67, 1, 'Hot Chocolate - Small', 3, 2.15);
insert into sales_order_items (sales_order_item_id, sales_order_id, product_id, name, quantity, price) values (890, 142, 2, 'Glazed Donut', 3, 0.99);
insert into sales_order_items (sales_order_item_id, sales_order_id, product_id, name, quantity, price) values (891, 152, 1, 'Hot Chocolate - Large', 1, 2.55);
insert into sales_order_items (sales_order_item_id, sales_order_id, product_id, name, quantity, price) values (892, 83, 1, 'Juan Valdez Reserve Cafe - Large', 3, 2.45);
insert into sales_order_items (sales_order_item_id, sales_order_id, product_id, name, quantity, price) values (893, 194, 1, 'Hot Tea - Large', 2, 2.97);
insert into sales_order_items (sales_order_item_id, sales_order_id, product_id, name, quantity, price) values (894, 250, 2, 'Cheese Danish', 2, 2.45);
insert into sales_order_items (sales_order_item_id, sales_order_id, product_id, name, quantity, price) values (895, 60, 1, 'Iced Tea - Small', 3, 2.85);
insert into sales_order_items (sales_order_item_id, sales_order_id, product_id, name, quantity, price) values (896, 275, 1, 'Macchiato - Medium', 3, 3.39);
insert into sales_order_items (sales_order_item_id, sales_order_id, product_id, name, quantity, price) values (897, 299, 4, 'Colombian Coffee Bottle', 3, 16.47);
insert into sales_order_items (sales_order_item_id, sales_order_id, product_id, name, quantity, price) values (898, 176, 2, 'Bear Claw', 1, 2.99);
insert into sales_order_items (sales_order_item_id, sales_order_id, product_id, name, quantity, price) values (899, 212, 2, 'Everything Bagel', 2, 3.24);
insert into sales_order_items (sales_order_item_id, sales_order_id, product_id, name, quantity, price) values (900, 53, 3, 'Juan Valdez Reserve - 12oz', 1, 5.99);
insert into sales_order_items (sales_order_item_id, sales_order_id, product_id, name, quantity, price) values (901, 284, 2, 'Cheese Danish', 3, 2.45);
insert into sales_order_items (sales_order_item_id, sales_order_id, product_id, name, quantity, price) values (902, 265, 2, 'Bear Claw', 2, 2.99);
insert into sales_order_items (sales_order_item_id, sales_order_id, product_id, name, quantity, price) values (903, 299, 2, 'Bear Claw', 3, 2.99);
insert into sales_order_items (sales_order_item_id, sales_order_id, product_id, name, quantity, price) values (904, 67, 1, 'Iced Tea - Small', 1, 2.85);
insert into sales_order_items (sales_order_item_id, sales_order_id, product_id, name, quantity, price) values (905, 73, 4, 'Colombian Coffee Bottle', 1, 16.47);
insert into sales_order_items (sales_order_item_id, sales_order_id, product_id, name, quantity, price) values (906, 46, 2, 'Garden Salad', 1, 8.25);
insert into sales_order_items (sales_order_item_id, sales_order_id, product_id, name, quantity, price) values (907, 176, 1, 'Cafe Mocha - Large', 3, 4.65);
insert into sales_order_items (sales_order_item_id, sales_order_id, product_id, name, quantity, price) values (908, 158, 3, 'Colombian Best - 8oz', 3, 3.24);
insert into sales_order_items (sales_order_item_id, sales_order_id, product_id, name, quantity, price) values (909, 228, 1, 'Hot Tea - Medium', 3, 2.48);
insert into sales_order_items (sales_order_item_id, sales_order_id, product_id, name, quantity, price) values (910, 20, 1, 'Hot Chocolate - Small', 2, 2.15);
insert into sales_order_items (sales_order_item_id, sales_order_id, product_id, name, quantity, price) values (911, 32, 3, 'Colombian Best - 8oz', 1, 3.24);
insert into sales_order_items (sales_order_item_id, sales_order_id, product_id, name, quantity, price) values (912, 129, 2, 'Cheese Danish', 1, 2.45);
insert into sales_order_items (sales_order_item_id, sales_order_id, product_id, name, quantity, price) values (913, 257, 2, 'Banana Nut Bread', 2, 2.75);
insert into sales_order_items (sales_order_item_id, sales_order_id, product_id, name, quantity, price) values (914, 198, 2, 'Glazed Donut', 3, 0.99);
insert into sales_order_items (sales_order_item_id, sales_order_id, product_id, name, quantity, price) values (915, 208, 2, 'Cheese Danish', 1, 2.45);
insert into sales_order_items (sales_order_item_id, sales_order_id, product_id, name, quantity, price) values (916, 3, 2, 'Cheese Danish', 3, 2.45);
insert into sales_order_items (sales_order_item_id, sales_order_id, product_id, name, quantity, price) values (917, 90, 1, 'Macchiato - Large', 2, 4.65);
insert into sales_order_items (sales_order_item_id, sales_order_id, product_id, name, quantity, price) values (918, 146, 1, 'Hot Chocolate - Large', 3, 2.55);
insert into sales_order_items (sales_order_item_id, sales_order_id, product_id, name, quantity, price) values (919, 161, 3, 'Colombian Best - 16oz', 3, 5.78);
insert into sales_order_items (sales_order_item_id, sales_order_id, product_id, name, quantity, price) values (920, 149, 1, 'Juan Valdez Reserve Cafe - Large', 3, 2.45);
insert into sales_order_items (sales_order_item_id, sales_order_id, product_id, name, quantity, price) values (921, 300, 1, 'Iced Tea - Medium', 3, 3.25);
insert into sales_order_items (sales_order_item_id, sales_order_id, product_id, name, quantity, price) values (922, 183, 1, 'Hot Tea - Medium', 2, 2.48);
insert into sales_order_items (sales_order_item_id, sales_order_id, product_id, name, quantity, price) values (923, 80, 2, 'Onion Bagel', 3, 3.18);
insert into sales_order_items (sales_order_item_id, sales_order_id, product_id, name, quantity, price) values (924, 136, 2, 'Garden Salad', 1, 8.25);
insert into sales_order_items (sales_order_item_id, sales_order_id, product_id, name, quantity, price) values (925, 179, 1, 'Cafe Mocha - Large', 3, 4.65);
insert into sales_order_items (sales_order_item_id, sales_order_id, product_id, name, quantity, price) values (926, 176, 1, 'Macchiato - Small', 2, 2.89);
insert into sales_order_items (sales_order_item_id, sales_order_id, product_id, name, quantity, price) values (927, 12, 1, 'Hot Tea - Small', 3, 1.57);
insert into sales_order_items (sales_order_item_id, sales_order_id, product_id, name, quantity, price) values (928, 95, 1, 'Cafe Mocha - Large', 3, 4.65);
insert into sales_order_items (sales_order_item_id, sales_order_id, product_id, name, quantity, price) values (929, 267, 1, 'Hot Chocolate - Small', 1, 2.15);
insert into sales_order_items (sales_order_item_id, sales_order_id, product_id, name, quantity, price) values (930, 55, 2, 'Raisin Bagel', 2, 3.18);
insert into sales_order_items (sales_order_item_id, sales_order_id, product_id, name, quantity, price) values (931, 26, 1, 'Hot Chocolate - Large', 3, 2.55);
insert into sales_order_items (sales_order_item_id, sales_order_id, product_id, name, quantity, price) values (932, 62, 2, 'Banana Nut Bread', 1, 2.75);
insert into sales_order_items (sales_order_item_id, sales_order_id, product_id, name, quantity, price) values (933, 263, 1, 'Hot Chocolate - Small', 2, 2.15);
insert into sales_order_items (sales_order_item_id, sales_order_id, product_id, name, quantity, price) values (934, 232, 1, 'Cafe Mocha - Small', 2, 3.45);
insert into sales_order_items (sales_order_item_id, sales_order_id, product_id, name, quantity, price) values (935, 201, 3, 'Juan Valdez Reserve - 12oz', 1, 5.99);
insert into sales_order_items (sales_order_item_id, sales_order_id, product_id, name, quantity, price) values (936, 229, 2, 'Cheese Danish', 3, 2.45);
insert into sales_order_items (sales_order_item_id, sales_order_id, product_id, name, quantity, price) values (937, 92, 1, 'Hot Chocolate - Medium', 1, 2.35);
insert into sales_order_items (sales_order_item_id, sales_order_id, product_id, name, quantity, price) values (938, 249, 2, 'Banana Nut Bread', 3, 2.75);
insert into sales_order_items (sales_order_item_id, sales_order_id, product_id, name, quantity, price) values (939, 51, 1, 'Hot Chocolate - Small', 3, 2.15);
insert into sales_order_items (sales_order_item_id, sales_order_id, product_id, name, quantity, price) values (940, 253, 2, 'Cheese Danish', 1, 2.45);
insert into sales_order_items (sales_order_item_id, sales_order_id, product_id, name, quantity, price) values (941, 136, 4, 'Colombian Coffee Bottle', 1, 16.47);
insert into sales_order_items (sales_order_item_id, sales_order_id, product_id, name, quantity, price) values (942, 259, 2, 'Onion Bagel', 1, 3.18);
insert into sales_order_items (sales_order_item_id, sales_order_id, product_id, name, quantity, price) values (943, 33, 2, 'Raisin Bagel', 2, 3.18);
insert into sales_order_items (sales_order_item_id, sales_order_id, product_id, name, quantity, price) values (944, 218, 3, 'Colombian Best - 8oz', 1, 3.24);
insert into sales_order_items (sales_order_item_id, sales_order_id, product_id, name, quantity, price) values (945, 64, 2, 'Glazed Donut', 1, 0.99);
insert into sales_order_items (sales_order_item_id, sales_order_id, product_id, name, quantity, price) values (946, 294, 1, 'Hot Chocolate - Medium', 1, 2.35);
insert into sales_order_items (sales_order_item_id, sales_order_id, product_id, name, quantity, price) values (947, 92, 2, 'Banana Nut Bread', 1, 2.75);
insert into sales_order_items (sales_order_item_id, sales_order_id, product_id, name, quantity, price) values (948, 174, 2, 'Raisin Bagel', 2, 3.18);
insert into sales_order_items (sales_order_item_id, sales_order_id, product_id, name, quantity, price) values (949, 193, 3, 'Colombian Best - 16oz', 2, 5.78);
insert into sales_order_items (sales_order_item_id, sales_order_id, product_id, name, quantity, price) values (950, 279, 2, 'Soup Bowl', 2, 4.53);
insert into sales_order_items (sales_order_item_id, sales_order_id, product_id, name, quantity, price) values (951, 149, 1, 'Macchiato - Large', 2, 4.65);
insert into sales_order_items (sales_order_item_id, sales_order_id, product_id, name, quantity, price) values (952, 27, 2, 'Butter Croissant', 2, 2.45);
insert into sales_order_items (sales_order_item_id, sales_order_id, product_id, name, quantity, price) values (953, 176, 4, 'Hoodie', 2, 20.28);
insert into sales_order_items (sales_order_item_id, sales_order_id, product_id, name, quantity, price) values (954, 144, 1, 'Cafe Mocha - Large', 1, 4.65);
insert into sales_order_items (sales_order_item_id, sales_order_id, product_id, name, quantity, price) values (955, 182, 1, 'Macchiato - Large', 2, 4.65);
insert into sales_order_items (sales_order_item_id, sales_order_id, product_id, name, quantity, price) values (956, 236, 3, 'Juan Valdez Reserve - 8oz', 1, 3.98);
insert into sales_order_items (sales_order_item_id, sales_order_id, product_id, name, quantity, price) values (957, 146, 2, 'Soup Bowl', 1, 4.53);
insert into sales_order_items (sales_order_item_id, sales_order_id, product_id, name, quantity, price) values (958, 74, 1, 'Hot Tea - Small', 1, 1.57);
insert into sales_order_items (sales_order_item_id, sales_order_id, product_id, name, quantity, price) values (959, 195, 2, 'Bear Claw', 1, 2.99);
insert into sales_order_items (sales_order_item_id, sales_order_id, product_id, name, quantity, price) values (960, 272, 1, 'Hot Chocolate - Small', 2, 2.15);
insert into sales_order_items (sales_order_item_id, sales_order_id, product_id, name, quantity, price) values (961, 216, 1, 'Hot Chocolate - Small', 1, 2.15);
insert into sales_order_items (sales_order_item_id, sales_order_id, product_id, name, quantity, price) values (962, 254, 4, 'Hoodie', 3, 20.28);
insert into sales_order_items (sales_order_item_id, sales_order_id, product_id, name, quantity, price) values (963, 206, 1, 'Iced Tea - Small', 1, 2.85);
insert into sales_order_items (sales_order_item_id, sales_order_id, product_id, name, quantity, price) values (964, 247, 1, 'Hot Tea - Medium', 1, 2.48);
insert into sales_order_items (sales_order_item_id, sales_order_id, product_id, name, quantity, price) values (965, 116, 1, 'Hot Tea - Medium', 3, 2.48);
insert into sales_order_items (sales_order_item_id, sales_order_id, product_id, name, quantity, price) values (966, 226, 2, 'Raisin Bagel', 1, 3.18);
insert into sales_order_items (sales_order_item_id, sales_order_id, product_id, name, quantity, price) values (967, 287, 1, 'Macchiato - Medium', 1, 3.39);
insert into sales_order_items (sales_order_item_id, sales_order_id, product_id, name, quantity, price) values (968, 92, 4, 'Colombian Coffee Bottle', 1, 16.47);
insert into sales_order_items (sales_order_item_id, sales_order_id, product_id, name, quantity, price) values (969, 204, 2, 'Glazed Donut', 3, 0.99);
insert into sales_order_items (sales_order_item_id, sales_order_id, product_id, name, quantity, price) values (970, 157, 3, 'Juan Valdez Reserve - 8oz', 2, 3.98);
insert into sales_order_items (sales_order_item_id, sales_order_id, product_id, name, quantity, price) values (971, 98, 1, 'Iced Tea - Medium', 3, 3.25);
insert into sales_order_items (sales_order_item_id, sales_order_id, product_id, name, quantity, price) values (972, 118, 2, 'Glazed Donut', 1, 0.99);
insert into sales_order_items (sales_order_item_id, sales_order_id, product_id, name, quantity, price) values (973, 27, 2, 'Bear Claw', 3, 2.99);
insert into sales_order_items (sales_order_item_id, sales_order_id, product_id, name, quantity, price) values (974, 79, 2, 'Glazed Donut', 2, 0.99);
insert into sales_order_items (sales_order_item_id, sales_order_id, product_id, name, quantity, price) values (975, 84, 1, 'Juan Valdez Reserve Cafe - Large', 2, 2.45);
insert into sales_order_items (sales_order_item_id, sales_order_id, product_id, name, quantity, price) values (976, 295, 3, 'Juan Valdez Reserve - 12oz', 1, 5.99);
insert into sales_order_items (sales_order_item_id, sales_order_id, product_id, name, quantity, price) values (977, 173, 1, 'Hot Tea - Large', 3, 2.97);
insert into sales_order_items (sales_order_item_id, sales_order_id, product_id, name, quantity, price) values (978, 101, 1, 'Hot Tea - Medium', 3, 2.48);
insert into sales_order_items (sales_order_item_id, sales_order_id, product_id, name, quantity, price) values (979, 219, 1, 'Hot Tea - Large', 3, 2.97);
insert into sales_order_items (sales_order_item_id, sales_order_id, product_id, name, quantity, price) values (980, 110, 1, 'Macchiato - Large', 2, 4.65);
insert into sales_order_items (sales_order_item_id, sales_order_id, product_id, name, quantity, price) values (981, 156, 2, 'Onion Bagel', 1, 3.18);
insert into sales_order_items (sales_order_item_id, sales_order_id, product_id, name, quantity, price) values (982, 61, 2, 'Garden Salad', 3, 8.25);
insert into sales_order_items (sales_order_item_id, sales_order_id, product_id, name, quantity, price) values (983, 119, 2, 'Everything Bagel', 1, 3.24);
insert into sales_order_items (sales_order_item_id, sales_order_id, product_id, name, quantity, price) values (984, 207, 1, 'Hot Tea - Large', 1, 2.97);
insert into sales_order_items (sales_order_item_id, sales_order_id, product_id, name, quantity, price) values (985, 86, 3, 'Colombian Best - 8oz', 3, 3.24);
insert into sales_order_items (sales_order_item_id, sales_order_id, product_id, name, quantity, price) values (986, 129, 1, 'Hot Tea - Medium', 1, 2.48);
insert into sales_order_items (sales_order_item_id, sales_order_id, product_id, name, quantity, price) values (987, 279, 4, 'Hoodie', 3, 20.28);
insert into sales_order_items (sales_order_item_id, sales_order_id, product_id, name, quantity, price) values (988, 124, 2, 'Raisin Bagel', 2, 3.18);
insert into sales_order_items (sales_order_item_id, sales_order_id, product_id, name, quantity, price) values (989, 248, 1, 'Iced Tea - Medium', 3, 3.25);
insert into sales_order_items (sales_order_item_id, sales_order_id, product_id, name, quantity, price) values (990, 20, 1, 'Hot Tea - Large', 2, 2.97);
insert into sales_order_items (sales_order_item_id, sales_order_id, product_id, name, quantity, price) values (991, 197, 2, 'Butter Croissant', 3, 2.45);
insert into sales_order_items (sales_order_item_id, sales_order_id, product_id, name, quantity, price) values (992, 247, 2, 'Bear Claw', 1, 2.99);
insert into sales_order_items (sales_order_item_id, sales_order_id, product_id, name, quantity, price) values (993, 281, 4, 'Colombian Coffee Mug', 1, 8.78);
insert into sales_order_items (sales_order_item_id, sales_order_id, product_id, name, quantity, price) values (994, 28, 1, 'Macchiato - Large', 2, 4.65);
insert into sales_order_items (sales_order_item_id, sales_order_id, product_id, name, quantity, price) values (995, 184, 2, 'Raisin Bagel', 2, 3.18);
insert into sales_order_items (sales_order_item_id, sales_order_id, product_id, name, quantity, price) values (996, 72, 1, 'Hot Chocolate - Medium', 3, 2.35);
insert into sales_order_items (sales_order_item_id, sales_order_id, product_id, name, quantity, price) values (997, 250, 1, 'Macchiato - Large', 1, 4.65);
insert into sales_order_items (sales_order_item_id, sales_order_id, product_id, name, quantity, price) values (998, 101, 2, 'Glazed Donut', 1, 0.99);
insert into sales_order_items (sales_order_item_id, sales_order_id, product_id, name, quantity, price) values (999, 155, 1, 'Macchiato - Small', 2, 2.89);
insert into sales_order_items (sales_order_item_id, sales_order_id, product_id, name, quantity, price) values (1000, 277, 1, 'Iced Tea - Medium', 3, 3.25);

-- The item data was randomly generated, so we need to walk through each sales order and calculate the total from the items.

update sales_orders set total = (select sum(quantity * price) from sales_order_items where sales_order_id = sales_orders.sales_order_id group by sales_order_id);

-- Null out transactions that don't have any items.

update sales_orders set card_number = null, card_expires = null, card_authorized = null, filled = null where total is null;

-- Enable this command to mask the credit card numbers:

-- update sales_orders set card_number = substr('********************', 0, length(card_number) - 3) || substr(card_number, length(card_number) - 3, 4);